inventory_id,film_id,store_id,title,description,release_year,rental_rate,rating,store_manager_first_name,store_manager_last_name,store_address,store_city,store_district
1,1,1,"ACADEMY DINOSAUR","A Epic Drama of a Feminist And a Mad Scientist who must Battle a Teacher in The Canadian Rockies",2006,0.99,PG,Mike,Hillyer,"47 MySakila Drive",Lethbridge,Alberta
2,1,1,"ACADEMY DINOSAUR","A Epic Drama of a Feminist And a Mad Scientist who must Battle a Teacher in The Canadian Rockies",2006,0.99,PG,Mike,Hillyer,"47 MySakila Drive",Lethbridge,Alberta
3,1,1,"ACADEMY DINOSAUR","A Epic Drama of a Feminist And a Mad Scientist who must Battle a Teacher in The Canadian Rockies",2006,0.99,PG,Mike,Hillyer,"47 MySakila Drive",Lethbridge,Alberta
4,1,1,"ACADEMY DINOSAUR","A Epic Drama of a Feminist And a Mad Scientist who must Battle a Teacher in The Canadian Rockies",2006,0.99,PG,Mike,Hillyer,"47 MySakila Drive",Lethbridge,Alberta
16,4,1,"AFFAIR PREJUDICE","A Fanciful Documentary of a Frisbee And a Lumberjack who must Chase a Monkey in A Shark Tank",2006,2.99,G,Mike,Hillyer,"47 MySakila Drive",Lethbridge,Alberta
17,4,1,"AFFAIR PREJUDICE","A Fanciful Documentary of a Frisbee And a Lumberjack who must Chase a Monkey in A Shark Tank",2006,2.99,G,Mike,Hillyer,"47 MySakila Drive",Lethbridge,Alberta
18,4,1,"AFFAIR PREJUDICE","A Fanciful Documentary of a Frisbee And a Lumberjack who must Chase a Monkey in A Shark Tank",2006,2.99,G,Mike,Hillyer,"47 MySakila Drive",Lethbridge,Alberta
19,4,1,"AFFAIR PREJUDICE","A Fanciful Documentary of a Frisbee And a Lumberjack who must Chase a Monkey in A Shark Tank",2006,2.99,G,Mike,Hillyer,"47 MySakila Drive",Lethbridge,Alberta
26,6,1,"AGENT TRUMAN","A Intrepid Panorama of a Robot And a Boy who must Escape a Sumo Wrestler in Ancient China",2006,2.99,PG,Mike,Hillyer,"47 MySakila Drive",Lethbridge,Alberta
27,6,1,"AGENT TRUMAN","A Intrepid Panorama of a Robot And a Boy who must Escape a Sumo Wrestler in Ancient China",2006,2.99,PG,Mike,Hillyer,"47 MySakila Drive",Lethbridge,Alberta
28,6,1,"AGENT TRUMAN","A Intrepid Panorama of a Robot And a Boy who must Escape a Sumo Wrestler in Ancient China",2006,2.99,PG,Mike,Hillyer,"47 MySakila Drive",Lethbridge,Alberta
32,7,1,"AIRPLANE SIERRA","A Touching Saga of a Hunter And a Butler who must Discover a Butler in A Jet Boat",2006,4.99,PG-13,Mike,Hillyer,"47 MySakila Drive",Lethbridge,Alberta
33,7,1,"AIRPLANE SIERRA","A Touching Saga of a Hunter And a Butler who must Discover a Butler in A Jet Boat",2006,4.99,PG-13,Mike,Hillyer,"47 MySakila Drive",Lethbridge,Alberta
41,9,1,"ALABAMA DEVIL","A Thoughtful Panorama of a Database Administrator And a Mad Scientist who must Outgun a Mad Scientist in A Jet Boat",2006,2.99,PG-13,Mike,Hillyer,"47 MySakila Drive",Lethbridge,Alberta
42,9,1,"ALABAMA DEVIL","A Thoughtful Panorama of a Database Administrator And a Mad Scientist who must Outgun a Mad Scientist in A Jet Boat",2006,2.99,PG-13,Mike,Hillyer,"47 MySakila Drive",Lethbridge,Alberta
43,9,1,"ALABAMA DEVIL","A Thoughtful Panorama of a Database Administrator And a Mad Scientist who must Outgun a Mad Scientist in A Jet Boat",2006,2.99,PG-13,Mike,Hillyer,"47 MySakila Drive",Lethbridge,Alberta
46,10,1,"ALADDIN CALENDAR","A Action-Packed Tale of a Man And a Lumberjack who must Reach a Feminist in Ancient China",2006,4.99,NC-17,Mike,Hillyer,"47 MySakila Drive",Lethbridge,Alberta
47,10,1,"ALADDIN CALENDAR","A Action-Packed Tale of a Man And a Lumberjack who must Reach a Feminist in Ancient China",2006,4.99,NC-17,Mike,Hillyer,"47 MySakila Drive",Lethbridge,Alberta
48,10,1,"ALADDIN CALENDAR","A Action-Packed Tale of a Man And a Lumberjack who must Reach a Feminist in Ancient China",2006,4.99,NC-17,Mike,Hillyer,"47 MySakila Drive",Lethbridge,Alberta
49,10,1,"ALADDIN CALENDAR","A Action-Packed Tale of a Man And a Lumberjack who must Reach a Feminist in Ancient China",2006,4.99,NC-17,Mike,Hillyer,"47 MySakila Drive",Lethbridge,Alberta
53,11,1,"ALAMO VIDEOTAPE","A Boring Epistle of a Butler And a Cat who must Fight a Pastry Chef in A MySQL Convention",2006,0.99,G,Mike,Hillyer,"47 MySakila Drive",Lethbridge,Alberta
54,11,1,"ALAMO VIDEOTAPE","A Boring Epistle of a Butler And a Cat who must Fight a Pastry Chef in A MySQL Convention",2006,0.99,G,Mike,Hillyer,"47 MySakila Drive",Lethbridge,Alberta
55,11,1,"ALAMO VIDEOTAPE","A Boring Epistle of a Butler And a Cat who must Fight a Pastry Chef in A MySQL Convention",2006,0.99,G,Mike,Hillyer,"47 MySakila Drive",Lethbridge,Alberta
56,11,1,"ALAMO VIDEOTAPE","A Boring Epistle of a Butler And a Cat who must Fight a Pastry Chef in A MySQL Convention",2006,0.99,G,Mike,Hillyer,"47 MySakila Drive",Lethbridge,Alberta
60,12,1,"ALASKA PHANTOM","A Fanciful Saga of a Hunter And a Pastry Chef who must Vanquish a Boy in Australia",2006,0.99,PG,Mike,Hillyer,"47 MySakila Drive",Lethbridge,Alberta
61,12,1,"ALASKA PHANTOM","A Fanciful Saga of a Hunter And a Pastry Chef who must Vanquish a Boy in Australia",2006,0.99,PG,Mike,Hillyer,"47 MySakila Drive",Lethbridge,Alberta
62,12,1,"ALASKA PHANTOM","A Fanciful Saga of a Hunter And a Pastry Chef who must Vanquish a Boy in Australia",2006,0.99,PG,Mike,Hillyer,"47 MySakila Drive",Lethbridge,Alberta
71,15,1,"ALIEN CENTER","A Brilliant Drama of a Cat And a Mad Scientist who must Battle a Feminist in A MySQL Convention",2006,2.99,NC-17,Mike,Hillyer,"47 MySakila Drive",Lethbridge,Alberta
72,15,1,"ALIEN CENTER","A Brilliant Drama of a Cat And a Mad Scientist who must Battle a Feminist in A MySQL Convention",2006,2.99,NC-17,Mike,Hillyer,"47 MySakila Drive",Lethbridge,Alberta
77,16,1,"ALLEY EVOLUTION","A Fast-Paced Drama of a Robot And a Composer who must Battle a Astronaut in New Orleans",2006,2.99,NC-17,Mike,Hillyer,"47 MySakila Drive",Lethbridge,Alberta
78,16,1,"ALLEY EVOLUTION","A Fast-Paced Drama of a Robot And a Composer who must Battle a Astronaut in New Orleans",2006,2.99,NC-17,Mike,Hillyer,"47 MySakila Drive",Lethbridge,Alberta
81,17,1,"ALONE TRIP","A Fast-Paced Character Study of a Composer And a Dog who must Outgun a Boat in An Abandoned Fun House",2006,0.99,R,Mike,Hillyer,"47 MySakila Drive",Lethbridge,Alberta
82,17,1,"ALONE TRIP","A Fast-Paced Character Study of a Composer And a Dog who must Outgun a Boat in An Abandoned Fun House",2006,0.99,R,Mike,Hillyer,"47 MySakila Drive",Lethbridge,Alberta
83,17,1,"ALONE TRIP","A Fast-Paced Character Study of a Composer And a Dog who must Outgun a Boat in An Abandoned Fun House",2006,0.99,R,Mike,Hillyer,"47 MySakila Drive",Lethbridge,Alberta
87,18,1,"ALTER VICTORY","A Thoughtful Drama of a Composer And a Feminist who must Meet a Secret Agent in The Canadian Rockies",2006,0.99,PG-13,Mike,Hillyer,"47 MySakila Drive",Lethbridge,Alberta
88,18,1,"ALTER VICTORY","A Thoughtful Drama of a Composer And a Feminist who must Meet a Secret Agent in The Canadian Rockies",2006,0.99,PG-13,Mike,Hillyer,"47 MySakila Drive",Lethbridge,Alberta
89,18,1,"ALTER VICTORY","A Thoughtful Drama of a Composer And a Feminist who must Meet a Secret Agent in The Canadian Rockies",2006,0.99,PG-13,Mike,Hillyer,"47 MySakila Drive",Lethbridge,Alberta
93,19,1,"AMADEUS HOLY","A Emotional Display of a Pioneer And a Technical Writer who must Battle a Man in A Baloon",2006,0.99,PG,Mike,Hillyer,"47 MySakila Drive",Lethbridge,Alberta
94,19,1,"AMADEUS HOLY","A Emotional Display of a Pioneer And a Technical Writer who must Battle a Man in A Baloon",2006,0.99,PG,Mike,Hillyer,"47 MySakila Drive",Lethbridge,Alberta
95,19,1,"AMADEUS HOLY","A Emotional Display of a Pioneer And a Technical Writer who must Battle a Man in A Baloon",2006,0.99,PG,Mike,Hillyer,"47 MySakila Drive",Lethbridge,Alberta
96,19,1,"AMADEUS HOLY","A Emotional Display of a Pioneer And a Technical Writer who must Battle a Man in A Baloon",2006,0.99,PG,Mike,Hillyer,"47 MySakila Drive",Lethbridge,Alberta
99,20,1,"AMELIE HELLFIGHTERS","A Boring Drama of a Woman And a Squirrel who must Conquer a Student in A Baloon",2006,4.99,R,Mike,Hillyer,"47 MySakila Drive",Lethbridge,Alberta
100,20,1,"AMELIE HELLFIGHTERS","A Boring Drama of a Woman And a Squirrel who must Conquer a Student in A Baloon",2006,4.99,R,Mike,Hillyer,"47 MySakila Drive",Lethbridge,Alberta
101,20,1,"AMELIE HELLFIGHTERS","A Boring Drama of a Woman And a Squirrel who must Conquer a Student in A Baloon",2006,4.99,R,Mike,Hillyer,"47 MySakila Drive",Lethbridge,Alberta
102,21,1,"AMERICAN CIRCUS","A Insightful Drama of a Girl And a Astronaut who must Face a Database Administrator in A Shark Tank",2006,4.99,R,Mike,Hillyer,"47 MySakila Drive",Lethbridge,Alberta
103,21,1,"AMERICAN CIRCUS","A Insightful Drama of a Girl And a Astronaut who must Face a Database Administrator in A Shark Tank",2006,4.99,R,Mike,Hillyer,"47 MySakila Drive",Lethbridge,Alberta
108,22,1,"AMISTAD MIDSUMMER","A Emotional Character Study of a Dentist And a Crocodile who must Meet a Sumo Wrestler in California",2006,2.99,G,Mike,Hillyer,"47 MySakila Drive",Lethbridge,Alberta
109,22,1,"AMISTAD MIDSUMMER","A Emotional Character Study of a Dentist And a Crocodile who must Meet a Sumo Wrestler in California",2006,2.99,G,Mike,Hillyer,"47 MySakila Drive",Lethbridge,Alberta
110,22,1,"AMISTAD MIDSUMMER","A Emotional Character Study of a Dentist And a Crocodile who must Meet a Sumo Wrestler in California",2006,2.99,G,Mike,Hillyer,"47 MySakila Drive",Lethbridge,Alberta
111,22,1,"AMISTAD MIDSUMMER","A Emotional Character Study of a Dentist And a Crocodile who must Meet a Sumo Wrestler in California",2006,2.99,G,Mike,Hillyer,"47 MySakila Drive",Lethbridge,Alberta
115,23,1,"ANACONDA CONFESSIONS","A Lacklusture Display of a Dentist And a Dentist who must Fight a Girl in Australia",2006,0.99,R,Mike,Hillyer,"47 MySakila Drive",Lethbridge,Alberta
116,23,1,"ANACONDA CONFESSIONS","A Lacklusture Display of a Dentist And a Dentist who must Fight a Girl in Australia",2006,0.99,R,Mike,Hillyer,"47 MySakila Drive",Lethbridge,Alberta
117,23,1,"ANACONDA CONFESSIONS","A Lacklusture Display of a Dentist And a Dentist who must Fight a Girl in Australia",2006,0.99,R,Mike,Hillyer,"47 MySakila Drive",Lethbridge,Alberta
120,24,1,"ANALYZE HOOSIERS","A Thoughtful Display of a Explorer And a Pastry Chef who must Overcome a Feminist in The Sahara Desert",2006,2.99,R,Mike,Hillyer,"47 MySakila Drive",Lethbridge,Alberta
121,24,1,"ANALYZE HOOSIERS","A Thoughtful Display of a Explorer And a Pastry Chef who must Overcome a Feminist in The Sahara Desert",2006,2.99,R,Mike,Hillyer,"47 MySakila Drive",Lethbridge,Alberta
122,24,1,"ANALYZE HOOSIERS","A Thoughtful Display of a Explorer And a Pastry Chef who must Overcome a Feminist in The Sahara Desert",2006,2.99,R,Mike,Hillyer,"47 MySakila Drive",Lethbridge,Alberta
123,24,1,"ANALYZE HOOSIERS","A Thoughtful Display of a Explorer And a Pastry Chef who must Overcome a Feminist in The Sahara Desert",2006,2.99,R,Mike,Hillyer,"47 MySakila Drive",Lethbridge,Alberta
124,25,1,"ANGELS LIFE","A Thoughtful Display of a Woman And a Astronaut who must Battle a Robot in Berlin",2006,2.99,G,Mike,Hillyer,"47 MySakila Drive",Lethbridge,Alberta
125,25,1,"ANGELS LIFE","A Thoughtful Display of a Woman And a Astronaut who must Battle a Robot in Berlin",2006,2.99,G,Mike,Hillyer,"47 MySakila Drive",Lethbridge,Alberta
126,25,1,"ANGELS LIFE","A Thoughtful Display of a Woman And a Astronaut who must Battle a Robot in Berlin",2006,2.99,G,Mike,Hillyer,"47 MySakila Drive",Lethbridge,Alberta
127,25,1,"ANGELS LIFE","A Thoughtful Display of a Woman And a Astronaut who must Battle a Robot in Berlin",2006,2.99,G,Mike,Hillyer,"47 MySakila Drive",Lethbridge,Alberta
130,26,1,"ANNIE IDENTITY","A Amazing Panorama of a Pastry Chef And a Boat who must Escape a Woman in An Abandoned Amusement Park",2006,0.99,G,Mike,Hillyer,"47 MySakila Drive",Lethbridge,Alberta
131,26,1,"ANNIE IDENTITY","A Amazing Panorama of a Pastry Chef And a Boat who must Escape a Woman in An Abandoned Amusement Park",2006,0.99,G,Mike,Hillyer,"47 MySakila Drive",Lethbridge,Alberta
135,27,1,"ANONYMOUS HUMAN","A Amazing Reflection of a Database Administrator And a Astronaut who must Outrace a Database Administrator in A Shark Tank",2006,0.99,NC-17,Mike,Hillyer,"47 MySakila Drive",Lethbridge,Alberta
136,27,1,"ANONYMOUS HUMAN","A Amazing Reflection of a Database Administrator And a Astronaut who must Outrace a Database Administrator in A Shark Tank",2006,0.99,NC-17,Mike,Hillyer,"47 MySakila Drive",Lethbridge,Alberta
137,27,1,"ANONYMOUS HUMAN","A Amazing Reflection of a Database Administrator And a Astronaut who must Outrace a Database Administrator in A Shark Tank",2006,0.99,NC-17,Mike,Hillyer,"47 MySakila Drive",Lethbridge,Alberta
138,27,1,"ANONYMOUS HUMAN","A Amazing Reflection of a Database Administrator And a Astronaut who must Outrace a Database Administrator in A Shark Tank",2006,0.99,NC-17,Mike,Hillyer,"47 MySakila Drive",Lethbridge,Alberta
139,28,1,"ANTHEM LUKE","A Touching Panorama of a Waitress And a Woman who must Outrace a Dog in An Abandoned Amusement Park",2006,4.99,PG-13,Mike,Hillyer,"47 MySakila Drive",Lethbridge,Alberta
140,28,1,"ANTHEM LUKE","A Touching Panorama of a Waitress And a Woman who must Outrace a Dog in An Abandoned Amusement Park",2006,4.99,PG-13,Mike,Hillyer,"47 MySakila Drive",Lethbridge,Alberta
141,28,1,"ANTHEM LUKE","A Touching Panorama of a Waitress And a Woman who must Outrace a Dog in An Abandoned Amusement Park",2006,4.99,PG-13,Mike,Hillyer,"47 MySakila Drive",Lethbridge,Alberta
142,29,1,"ANTITRUST TOMATOES","A Fateful Yarn of a Womanizer And a Feminist who must Succumb a Database Administrator in Ancient India",2006,2.99,NC-17,Mike,Hillyer,"47 MySakila Drive",Lethbridge,Alberta
143,29,1,"ANTITRUST TOMATOES","A Fateful Yarn of a Womanizer And a Feminist who must Succumb a Database Administrator in Ancient India",2006,2.99,NC-17,Mike,Hillyer,"47 MySakila Drive",Lethbridge,Alberta
144,30,1,"ANYTHING SAVANNAH","A Epic Story of a Pastry Chef And a Woman who must Chase a Feminist in An Abandoned Fun House",2006,2.99,R,Mike,Hillyer,"47 MySakila Drive",Lethbridge,Alberta
145,30,1,"ANYTHING SAVANNAH","A Epic Story of a Pastry Chef And a Woman who must Chase a Feminist in An Abandoned Fun House",2006,2.99,R,Mike,Hillyer,"47 MySakila Drive",Lethbridge,Alberta
146,31,1,"APACHE DIVINE","A Awe-Inspiring Reflection of a Pastry Chef And a Teacher who must Overcome a Sumo Wrestler in A U-Boat",2006,4.99,NC-17,Mike,Hillyer,"47 MySakila Drive",Lethbridge,Alberta
147,31,1,"APACHE DIVINE","A Awe-Inspiring Reflection of a Pastry Chef And a Teacher who must Overcome a Sumo Wrestler in A U-Boat",2006,4.99,NC-17,Mike,Hillyer,"47 MySakila Drive",Lethbridge,Alberta
148,31,1,"APACHE DIVINE","A Awe-Inspiring Reflection of a Pastry Chef And a Teacher who must Overcome a Sumo Wrestler in A U-Boat",2006,4.99,NC-17,Mike,Hillyer,"47 MySakila Drive",Lethbridge,Alberta
149,31,1,"APACHE DIVINE","A Awe-Inspiring Reflection of a Pastry Chef And a Teacher who must Overcome a Sumo Wrestler in A U-Boat",2006,4.99,NC-17,Mike,Hillyer,"47 MySakila Drive",Lethbridge,Alberta
160,35,1,"ARACHNOPHOBIA ROLLERCOASTER","A Action-Packed Reflection of a Pastry Chef And a Composer who must Discover a Mad Scientist in The First Manned Space Station",2006,2.99,PG-13,Mike,Hillyer,"47 MySakila Drive",Lethbridge,Alberta
161,35,1,"ARACHNOPHOBIA ROLLERCOASTER","A Action-Packed Reflection of a Pastry Chef And a Composer who must Discover a Mad Scientist in The First Manned Space Station",2006,2.99,PG-13,Mike,Hillyer,"47 MySakila Drive",Lethbridge,Alberta
162,35,1,"ARACHNOPHOBIA ROLLERCOASTER","A Action-Packed Reflection of a Pastry Chef And a Composer who must Discover a Mad Scientist in The First Manned Space Station",2006,2.99,PG-13,Mike,Hillyer,"47 MySakila Drive",Lethbridge,Alberta
163,35,1,"ARACHNOPHOBIA ROLLERCOASTER","A Action-Packed Reflection of a Pastry Chef And a Composer who must Discover a Mad Scientist in The First Manned Space Station",2006,2.99,PG-13,Mike,Hillyer,"47 MySakila Drive",Lethbridge,Alberta
167,37,1,"ARIZONA BANG","A Brilliant Panorama of a Mad Scientist And a Mad Cow who must Meet a Pioneer in A Monastery",2006,2.99,PG,Mike,Hillyer,"47 MySakila Drive",Lethbridge,Alberta
168,37,1,"ARIZONA BANG","A Brilliant Panorama of a Mad Scientist And a Mad Cow who must Meet a Pioneer in A Monastery",2006,2.99,PG,Mike,Hillyer,"47 MySakila Drive",Lethbridge,Alberta
169,37,1,"ARIZONA BANG","A Brilliant Panorama of a Mad Scientist And a Mad Cow who must Meet a Pioneer in A Monastery",2006,2.99,PG,Mike,Hillyer,"47 MySakila Drive",Lethbridge,Alberta
170,37,1,"ARIZONA BANG","A Brilliant Panorama of a Mad Scientist And a Mad Cow who must Meet a Pioneer in A Monastery",2006,2.99,PG,Mike,Hillyer,"47 MySakila Drive",Lethbridge,Alberta
174,39,1,"ARMAGEDDON LOST","A Fast-Paced Tale of a Boat And a Teacher who must Succumb a Composer in An Abandoned Mine Shaft",2006,0.99,G,Mike,Hillyer,"47 MySakila Drive",Lethbridge,Alberta
175,39,1,"ARMAGEDDON LOST","A Fast-Paced Tale of a Boat And a Teacher who must Succumb a Composer in An Abandoned Mine Shaft",2006,0.99,G,Mike,Hillyer,"47 MySakila Drive",Lethbridge,Alberta
176,39,1,"ARMAGEDDON LOST","A Fast-Paced Tale of a Boat And a Teacher who must Succumb a Composer in An Abandoned Mine Shaft",2006,0.99,G,Mike,Hillyer,"47 MySakila Drive",Lethbridge,Alberta
189,43,1,"ATLANTIS CAUSE","A Thrilling Yarn of a Feminist And a Hunter who must Fight a Technical Writer in A Shark Tank",2006,2.99,G,Mike,Hillyer,"47 MySakila Drive",Lethbridge,Alberta
190,43,1,"ATLANTIS CAUSE","A Thrilling Yarn of a Feminist And a Hunter who must Fight a Technical Writer in A Shark Tank",2006,2.99,G,Mike,Hillyer,"47 MySakila Drive",Lethbridge,Alberta
191,43,1,"ATLANTIS CAUSE","A Thrilling Yarn of a Feminist And a Hunter who must Fight a Technical Writer in A Shark Tank",2006,2.99,G,Mike,Hillyer,"47 MySakila Drive",Lethbridge,Alberta
196,44,1,"ATTACKS HATE","A Fast-Paced Panorama of a Technical Writer And a Mad Scientist who must Find a Feminist in An Abandoned Mine Shaft",2006,4.99,PG-13,Mike,Hillyer,"47 MySakila Drive",Lethbridge,Alberta
197,44,1,"ATTACKS HATE","A Fast-Paced Panorama of a Technical Writer And a Mad Scientist who must Find a Feminist in An Abandoned Mine Shaft",2006,4.99,PG-13,Mike,Hillyer,"47 MySakila Drive",Lethbridge,Alberta
201,45,1,"ATTRACTION NEWTON","A Astounding Panorama of a Composer And a Frisbee who must Reach a Husband in Ancient Japan",2006,4.99,PG-13,Mike,Hillyer,"47 MySakila Drive",Lethbridge,Alberta
202,45,1,"ATTRACTION NEWTON","A Astounding Panorama of a Composer And a Frisbee who must Reach a Husband in Ancient Japan",2006,4.99,PG-13,Mike,Hillyer,"47 MySakila Drive",Lethbridge,Alberta
203,45,1,"ATTRACTION NEWTON","A Astounding Panorama of a Composer And a Frisbee who must Reach a Husband in Ancient Japan",2006,4.99,PG-13,Mike,Hillyer,"47 MySakila Drive",Lethbridge,Alberta
204,45,1,"ATTRACTION NEWTON","A Astounding Panorama of a Composer And a Frisbee who must Reach a Husband in Ancient Japan",2006,4.99,PG-13,Mike,Hillyer,"47 MySakila Drive",Lethbridge,Alberta
212,48,1,"BACKLASH UNDEFEATED","A Stunning Character Study of a Mad Scientist And a Mad Cow who must Kill a Car in A Monastery",2006,4.99,PG-13,Mike,Hillyer,"47 MySakila Drive",Lethbridge,Alberta
213,48,1,"BACKLASH UNDEFEATED","A Stunning Character Study of a Mad Scientist And a Mad Cow who must Kill a Car in A Monastery",2006,4.99,PG-13,Mike,Hillyer,"47 MySakila Drive",Lethbridge,Alberta
216,49,1,"BADMAN DAWN","A Emotional Panorama of a Pioneer And a Composer who must Escape a Mad Scientist in A Jet Boat",2006,2.99,R,Mike,Hillyer,"47 MySakila Drive",Lethbridge,Alberta
217,49,1,"BADMAN DAWN","A Emotional Panorama of a Pioneer And a Composer who must Escape a Mad Scientist in A Jet Boat",2006,2.99,R,Mike,Hillyer,"47 MySakila Drive",Lethbridge,Alberta
218,49,1,"BADMAN DAWN","A Emotional Panorama of a Pioneer And a Composer who must Escape a Mad Scientist in A Jet Boat",2006,2.99,R,Mike,Hillyer,"47 MySakila Drive",Lethbridge,Alberta
222,50,1,"BAKED CLEOPATRA","A Stunning Drama of a Forensic Psychologist And a Husband who must Overcome a Waitress in A Monastery",2006,2.99,G,Mike,Hillyer,"47 MySakila Drive",Lethbridge,Alberta
223,50,1,"BAKED CLEOPATRA","A Stunning Drama of a Forensic Psychologist And a Husband who must Overcome a Waitress in A Monastery",2006,2.99,G,Mike,Hillyer,"47 MySakila Drive",Lethbridge,Alberta
224,50,1,"BAKED CLEOPATRA","A Stunning Drama of a Forensic Psychologist And a Husband who must Overcome a Waitress in A Monastery",2006,2.99,G,Mike,Hillyer,"47 MySakila Drive",Lethbridge,Alberta
227,51,1,"BALLOON HOMEWARD","A Insightful Panorama of a Forensic Psychologist And a Mad Cow who must Build a Mad Scientist in The First Manned Space Station",2006,2.99,NC-17,Mike,Hillyer,"47 MySakila Drive",Lethbridge,Alberta
228,51,1,"BALLOON HOMEWARD","A Insightful Panorama of a Forensic Psychologist And a Mad Cow who must Build a Mad Scientist in The First Manned Space Station",2006,2.99,NC-17,Mike,Hillyer,"47 MySakila Drive",Lethbridge,Alberta
235,53,1,"BANG KWAI","A Epic Drama of a Madman And a Cat who must Face a A Shark in An Abandoned Amusement Park",2006,2.99,NC-17,Mike,Hillyer,"47 MySakila Drive",Lethbridge,Alberta
236,53,1,"BANG KWAI","A Epic Drama of a Madman And a Cat who must Face a A Shark in An Abandoned Amusement Park",2006,2.99,NC-17,Mike,Hillyer,"47 MySakila Drive",Lethbridge,Alberta
237,54,1,"BANGER PINOCCHIO","A Awe-Inspiring Drama of a Car And a Pastry Chef who must Chase a Crocodile in The First Manned Space Station",2006,0.99,R,Mike,Hillyer,"47 MySakila Drive",Lethbridge,Alberta
238,54,1,"BANGER PINOCCHIO","A Awe-Inspiring Drama of a Car And a Pastry Chef who must Chase a Crocodile in The First Manned Space Station",2006,0.99,R,Mike,Hillyer,"47 MySakila Drive",Lethbridge,Alberta
239,54,1,"BANGER PINOCCHIO","A Awe-Inspiring Drama of a Car And a Pastry Chef who must Chase a Crocodile in The First Manned Space Station",2006,0.99,R,Mike,Hillyer,"47 MySakila Drive",Lethbridge,Alberta
242,55,1,"BARBARELLA STREETCAR","A Awe-Inspiring Story of a Feminist And a Cat who must Conquer a Dog in A Monastery",2006,2.99,G,Mike,Hillyer,"47 MySakila Drive",Lethbridge,Alberta
243,55,1,"BARBARELLA STREETCAR","A Awe-Inspiring Story of a Feminist And a Cat who must Conquer a Dog in A Monastery",2006,2.99,G,Mike,Hillyer,"47 MySakila Drive",Lethbridge,Alberta
244,55,1,"BARBARELLA STREETCAR","A Awe-Inspiring Story of a Feminist And a Cat who must Conquer a Dog in A Monastery",2006,2.99,G,Mike,Hillyer,"47 MySakila Drive",Lethbridge,Alberta
245,55,1,"BARBARELLA STREETCAR","A Awe-Inspiring Story of a Feminist And a Cat who must Conquer a Dog in A Monastery",2006,2.99,G,Mike,Hillyer,"47 MySakila Drive",Lethbridge,Alberta
248,56,1,"BAREFOOT MANCHURIAN","A Intrepid Story of a Cat And a Student who must Vanquish a Girl in An Abandoned Amusement Park",2006,2.99,G,Mike,Hillyer,"47 MySakila Drive",Lethbridge,Alberta
249,56,1,"BAREFOOT MANCHURIAN","A Intrepid Story of a Cat And a Student who must Vanquish a Girl in An Abandoned Amusement Park",2006,2.99,G,Mike,Hillyer,"47 MySakila Drive",Lethbridge,Alberta
250,56,1,"BAREFOOT MANCHURIAN","A Intrepid Story of a Cat And a Student who must Vanquish a Girl in An Abandoned Amusement Park",2006,2.99,G,Mike,Hillyer,"47 MySakila Drive",Lethbridge,Alberta
253,57,1,"BASIC EASY","A Stunning Epistle of a Man And a Husband who must Reach a Mad Scientist in A Jet Boat",2006,2.99,PG-13,Mike,Hillyer,"47 MySakila Drive",Lethbridge,Alberta
254,57,1,"BASIC EASY","A Stunning Epistle of a Man And a Husband who must Reach a Mad Scientist in A Jet Boat",2006,2.99,PG-13,Mike,Hillyer,"47 MySakila Drive",Lethbridge,Alberta
255,57,1,"BASIC EASY","A Stunning Epistle of a Man And a Husband who must Reach a Mad Scientist in A Jet Boat",2006,2.99,PG-13,Mike,Hillyer,"47 MySakila Drive",Lethbridge,Alberta
256,57,1,"BASIC EASY","A Stunning Epistle of a Man And a Husband who must Reach a Mad Scientist in A Jet Boat",2006,2.99,PG-13,Mike,Hillyer,"47 MySakila Drive",Lethbridge,Alberta
264,59,1,"BEAR GRACELAND","A Astounding Saga of a Dog And a Boy who must Kill a Teacher in The First Manned Space Station",2006,2.99,R,Mike,Hillyer,"47 MySakila Drive",Lethbridge,Alberta
265,59,1,"BEAR GRACELAND","A Astounding Saga of a Dog And a Boy who must Kill a Teacher in The First Manned Space Station",2006,2.99,R,Mike,Hillyer,"47 MySakila Drive",Lethbridge,Alberta
266,59,1,"BEAR GRACELAND","A Astounding Saga of a Dog And a Boy who must Kill a Teacher in The First Manned Space Station",2006,2.99,R,Mike,Hillyer,"47 MySakila Drive",Lethbridge,Alberta
269,60,1,"BEAST HUNCHBACK","A Awe-Inspiring Epistle of a Student And a Squirrel who must Defeat a Boy in Ancient China",2006,4.99,R,Mike,Hillyer,"47 MySakila Drive",Lethbridge,Alberta
270,60,1,"BEAST HUNCHBACK","A Awe-Inspiring Epistle of a Student And a Squirrel who must Defeat a Boy in Ancient China",2006,4.99,R,Mike,Hillyer,"47 MySakila Drive",Lethbridge,Alberta
271,60,1,"BEAST HUNCHBACK","A Awe-Inspiring Epistle of a Student And a Squirrel who must Defeat a Boy in Ancient China",2006,4.99,R,Mike,Hillyer,"47 MySakila Drive",Lethbridge,Alberta
272,61,1,"BEAUTY GREASE","A Fast-Paced Display of a Composer And a Moose who must Sink a Robot in An Abandoned Mine Shaft",2006,4.99,G,Mike,Hillyer,"47 MySakila Drive",Lethbridge,Alberta
273,61,1,"BEAUTY GREASE","A Fast-Paced Display of a Composer And a Moose who must Sink a Robot in An Abandoned Mine Shaft",2006,4.99,G,Mike,Hillyer,"47 MySakila Drive",Lethbridge,Alberta
274,61,1,"BEAUTY GREASE","A Fast-Paced Display of a Composer And a Moose who must Sink a Robot in An Abandoned Mine Shaft",2006,4.99,G,Mike,Hillyer,"47 MySakila Drive",Lethbridge,Alberta
275,61,1,"BEAUTY GREASE","A Fast-Paced Display of a Composer And a Moose who must Sink a Robot in An Abandoned Mine Shaft",2006,4.99,G,Mike,Hillyer,"47 MySakila Drive",Lethbridge,Alberta
280,63,1,"BEDAZZLED MARRIED","A Astounding Character Study of a Madman And a Robot who must Meet a Mad Scientist in An Abandoned Fun House",2006,0.99,PG,Mike,Hillyer,"47 MySakila Drive",Lethbridge,Alberta
281,63,1,"BEDAZZLED MARRIED","A Astounding Character Study of a Madman And a Robot who must Meet a Mad Scientist in An Abandoned Fun House",2006,0.99,PG,Mike,Hillyer,"47 MySakila Drive",Lethbridge,Alberta
291,66,1,"BENEATH RUSH","A Astounding Panorama of a Man And a Monkey who must Discover a Man in The First Manned Space Station",2006,0.99,NC-17,Mike,Hillyer,"47 MySakila Drive",Lethbridge,Alberta
292,66,1,"BENEATH RUSH","A Astounding Panorama of a Man And a Monkey who must Discover a Man in The First Manned Space Station",2006,0.99,NC-17,Mike,Hillyer,"47 MySakila Drive",Lethbridge,Alberta
293,66,1,"BENEATH RUSH","A Astounding Panorama of a Man And a Monkey who must Discover a Man in The First Manned Space Station",2006,0.99,NC-17,Mike,Hillyer,"47 MySakila Drive",Lethbridge,Alberta
294,67,1,"BERETS AGENT","A Taut Saga of a Crocodile And a Boy who must Overcome a Technical Writer in Ancient China",2006,2.99,PG-13,Mike,Hillyer,"47 MySakila Drive",Lethbridge,Alberta
295,67,1,"BERETS AGENT","A Taut Saga of a Crocodile And a Boy who must Overcome a Technical Writer in Ancient China",2006,2.99,PG-13,Mike,Hillyer,"47 MySakila Drive",Lethbridge,Alberta
300,68,1,"BETRAYED REAR","A Emotional Character Study of a Boat And a Pioneer who must Find a Explorer in A Shark Tank",2006,4.99,NC-17,Mike,Hillyer,"47 MySakila Drive",Lethbridge,Alberta
301,68,1,"BETRAYED REAR","A Emotional Character Study of a Boat And a Pioneer who must Find a Explorer in A Shark Tank",2006,4.99,NC-17,Mike,Hillyer,"47 MySakila Drive",Lethbridge,Alberta
304,69,1,"BEVERLY OUTLAW","A Fanciful Documentary of a Womanizer And a Boat who must Defeat a Madman in The First Manned Space Station",2006,2.99,R,Mike,Hillyer,"47 MySakila Drive",Lethbridge,Alberta
305,69,1,"BEVERLY OUTLAW","A Fanciful Documentary of a Womanizer And a Boat who must Defeat a Madman in The First Manned Space Station",2006,2.99,R,Mike,Hillyer,"47 MySakila Drive",Lethbridge,Alberta
306,69,1,"BEVERLY OUTLAW","A Fanciful Documentary of a Womanizer And a Boat who must Defeat a Madman in The First Manned Space Station",2006,2.99,R,Mike,Hillyer,"47 MySakila Drive",Lethbridge,Alberta
307,69,1,"BEVERLY OUTLAW","A Fanciful Documentary of a Womanizer And a Boat who must Defeat a Madman in The First Manned Space Station",2006,2.99,R,Mike,Hillyer,"47 MySakila Drive",Lethbridge,Alberta
312,70,1,"BIKINI BORROWERS","A Astounding Drama of a Astronaut And a Cat who must Discover a Woman in The First Manned Space Station",2006,4.99,NC-17,Mike,Hillyer,"47 MySakila Drive",Lethbridge,Alberta
313,70,1,"BIKINI BORROWERS","A Astounding Drama of a Astronaut And a Cat who must Discover a Woman in The First Manned Space Station",2006,4.99,NC-17,Mike,Hillyer,"47 MySakila Drive",Lethbridge,Alberta
320,72,1,"BILL OTHERS","A Stunning Saga of a Mad Scientist And a Forensic Psychologist who must Challenge a Squirrel in A MySQL Convention",2006,2.99,PG,Mike,Hillyer,"47 MySakila Drive",Lethbridge,Alberta
321,72,1,"BILL OTHERS","A Stunning Saga of a Mad Scientist And a Forensic Psychologist who must Challenge a Squirrel in A MySQL Convention",2006,2.99,PG,Mike,Hillyer,"47 MySakila Drive",Lethbridge,Alberta
322,72,1,"BILL OTHERS","A Stunning Saga of a Mad Scientist And a Forensic Psychologist who must Challenge a Squirrel in A MySQL Convention",2006,2.99,PG,Mike,Hillyer,"47 MySakila Drive",Lethbridge,Alberta
323,72,1,"BILL OTHERS","A Stunning Saga of a Mad Scientist And a Forensic Psychologist who must Challenge a Squirrel in A MySQL Convention",2006,2.99,PG,Mike,Hillyer,"47 MySakila Drive",Lethbridge,Alberta
326,73,1,"BINGO TALENTED","A Touching Tale of a Girl And a Crocodile who must Discover a Waitress in Nigeria",2006,2.99,PG-13,Mike,Hillyer,"47 MySakila Drive",Lethbridge,Alberta
327,73,1,"BINGO TALENTED","A Touching Tale of a Girl And a Crocodile who must Discover a Waitress in Nigeria",2006,2.99,PG-13,Mike,Hillyer,"47 MySakila Drive",Lethbridge,Alberta
328,73,1,"BINGO TALENTED","A Touching Tale of a Girl And a Crocodile who must Discover a Waitress in Nigeria",2006,2.99,PG-13,Mike,Hillyer,"47 MySakila Drive",Lethbridge,Alberta
329,73,1,"BINGO TALENTED","A Touching Tale of a Girl And a Crocodile who must Discover a Waitress in Nigeria",2006,2.99,PG-13,Mike,Hillyer,"47 MySakila Drive",Lethbridge,Alberta
334,74,1,"BIRCH ANTITRUST","A Fanciful Panorama of a Husband And a Pioneer who must Outgun a Dog in A Baloon",2006,4.99,PG,Mike,Hillyer,"47 MySakila Drive",Lethbridge,Alberta
335,74,1,"BIRCH ANTITRUST","A Fanciful Panorama of a Husband And a Pioneer who must Outgun a Dog in A Baloon",2006,4.99,PG,Mike,Hillyer,"47 MySakila Drive",Lethbridge,Alberta
336,74,1,"BIRCH ANTITRUST","A Fanciful Panorama of a Husband And a Pioneer who must Outgun a Dog in A Baloon",2006,4.99,PG,Mike,Hillyer,"47 MySakila Drive",Lethbridge,Alberta
342,76,1,"BIRDCAGE CASPER","A Fast-Paced Saga of a Frisbee And a Astronaut who must Overcome a Feminist in Ancient India",2006,0.99,NC-17,Mike,Hillyer,"47 MySakila Drive",Lethbridge,Alberta
343,76,1,"BIRDCAGE CASPER","A Fast-Paced Saga of a Frisbee And a Astronaut who must Overcome a Feminist in Ancient India",2006,0.99,NC-17,Mike,Hillyer,"47 MySakila Drive",Lethbridge,Alberta
344,76,1,"BIRDCAGE CASPER","A Fast-Paced Saga of a Frisbee And a Astronaut who must Overcome a Feminist in Ancient India",2006,0.99,NC-17,Mike,Hillyer,"47 MySakila Drive",Lethbridge,Alberta
345,77,1,"BIRDS PERDITION","A Boring Story of a Womanizer And a Pioneer who must Face a Dog in California",2006,4.99,G,Mike,Hillyer,"47 MySakila Drive",Lethbridge,Alberta
346,77,1,"BIRDS PERDITION","A Boring Story of a Womanizer And a Pioneer who must Face a Dog in California",2006,4.99,G,Mike,Hillyer,"47 MySakila Drive",Lethbridge,Alberta
347,77,1,"BIRDS PERDITION","A Boring Story of a Womanizer And a Pioneer who must Face a Dog in California",2006,4.99,G,Mike,Hillyer,"47 MySakila Drive",Lethbridge,Alberta
348,77,1,"BIRDS PERDITION","A Boring Story of a Womanizer And a Pioneer who must Face a Dog in California",2006,4.99,G,Mike,Hillyer,"47 MySakila Drive",Lethbridge,Alberta
351,78,1,"BLACKOUT PRIVATE","A Intrepid Yarn of a Pastry Chef And a Mad Scientist who must Challenge a Secret Agent in Ancient Japan",2006,2.99,PG,Mike,Hillyer,"47 MySakila Drive",Lethbridge,Alberta
352,78,1,"BLACKOUT PRIVATE","A Intrepid Yarn of a Pastry Chef And a Mad Scientist who must Challenge a Secret Agent in Ancient Japan",2006,2.99,PG,Mike,Hillyer,"47 MySakila Drive",Lethbridge,Alberta
353,78,1,"BLACKOUT PRIVATE","A Intrepid Yarn of a Pastry Chef And a Mad Scientist who must Challenge a Secret Agent in Ancient Japan",2006,2.99,PG,Mike,Hillyer,"47 MySakila Drive",Lethbridge,Alberta
358,79,1,"BLADE POLISH","A Thoughtful Character Study of a Frisbee And a Pastry Chef who must Fight a Dentist in The First Manned Space Station",2006,0.99,PG-13,Mike,Hillyer,"47 MySakila Drive",Lethbridge,Alberta
359,79,1,"BLADE POLISH","A Thoughtful Character Study of a Frisbee And a Pastry Chef who must Fight a Dentist in The First Manned Space Station",2006,0.99,PG-13,Mike,Hillyer,"47 MySakila Drive",Lethbridge,Alberta
360,79,1,"BLADE POLISH","A Thoughtful Character Study of a Frisbee And a Pastry Chef who must Fight a Dentist in The First Manned Space Station",2006,0.99,PG-13,Mike,Hillyer,"47 MySakila Drive",Lethbridge,Alberta
364,80,1,"BLANKET BEVERLY","A Emotional Documentary of a Student And a Girl who must Build a Boat in Nigeria",2006,2.99,G,Mike,Hillyer,"47 MySakila Drive",Lethbridge,Alberta
365,80,1,"BLANKET BEVERLY","A Emotional Documentary of a Student And a Girl who must Build a Boat in Nigeria",2006,2.99,G,Mike,Hillyer,"47 MySakila Drive",Lethbridge,Alberta
366,80,1,"BLANKET BEVERLY","A Emotional Documentary of a Student And a Girl who must Build a Boat in Nigeria",2006,2.99,G,Mike,Hillyer,"47 MySakila Drive",Lethbridge,Alberta
367,80,1,"BLANKET BEVERLY","A Emotional Documentary of a Student And a Girl who must Build a Boat in Nigeria",2006,2.99,G,Mike,Hillyer,"47 MySakila Drive",Lethbridge,Alberta
368,81,1,"BLINDNESS GUN","A Touching Drama of a Robot And a Dentist who must Meet a Hunter in A Jet Boat",2006,4.99,PG-13,Mike,Hillyer,"47 MySakila Drive",Lethbridge,Alberta
369,81,1,"BLINDNESS GUN","A Touching Drama of a Robot And a Dentist who must Meet a Hunter in A Jet Boat",2006,4.99,PG-13,Mike,Hillyer,"47 MySakila Drive",Lethbridge,Alberta
370,81,1,"BLINDNESS GUN","A Touching Drama of a Robot And a Dentist who must Meet a Hunter in A Jet Boat",2006,4.99,PG-13,Mike,Hillyer,"47 MySakila Drive",Lethbridge,Alberta
371,81,1,"BLINDNESS GUN","A Touching Drama of a Robot And a Dentist who must Meet a Hunter in A Jet Boat",2006,4.99,PG-13,Mike,Hillyer,"47 MySakila Drive",Lethbridge,Alberta
372,82,1,"BLOOD ARGONAUTS","A Boring Drama of a Explorer And a Man who must Kill a Lumberjack in A Manhattan Penthouse",2006,0.99,G,Mike,Hillyer,"47 MySakila Drive",Lethbridge,Alberta
373,82,1,"BLOOD ARGONAUTS","A Boring Drama of a Explorer And a Man who must Kill a Lumberjack in A Manhattan Penthouse",2006,0.99,G,Mike,Hillyer,"47 MySakila Drive",Lethbridge,Alberta
374,83,1,"BLUES INSTINCT","A Insightful Documentary of a Boat And a Composer who must Meet a Forensic Psychologist in An Abandoned Fun House",2006,2.99,G,Mike,Hillyer,"47 MySakila Drive",Lethbridge,Alberta
375,83,1,"BLUES INSTINCT","A Insightful Documentary of a Boat And a Composer who must Meet a Forensic Psychologist in An Abandoned Fun House",2006,2.99,G,Mike,Hillyer,"47 MySakila Drive",Lethbridge,Alberta
376,83,1,"BLUES INSTINCT","A Insightful Documentary of a Boat And a Composer who must Meet a Forensic Psychologist in An Abandoned Fun House",2006,2.99,G,Mike,Hillyer,"47 MySakila Drive",Lethbridge,Alberta
379,84,1,"BOILED DARES","A Awe-Inspiring Story of a Waitress And a Dog who must Discover a Dentist in Ancient Japan",2006,4.99,PG,Mike,Hillyer,"47 MySakila Drive",Lethbridge,Alberta
380,84,1,"BOILED DARES","A Awe-Inspiring Story of a Waitress And a Dog who must Discover a Dentist in Ancient Japan",2006,4.99,PG,Mike,Hillyer,"47 MySakila Drive",Lethbridge,Alberta
381,84,1,"BOILED DARES","A Awe-Inspiring Story of a Waitress And a Dog who must Discover a Dentist in Ancient Japan",2006,4.99,PG,Mike,Hillyer,"47 MySakila Drive",Lethbridge,Alberta
382,84,1,"BOILED DARES","A Awe-Inspiring Story of a Waitress And a Dog who must Discover a Dentist in Ancient Japan",2006,4.99,PG,Mike,Hillyer,"47 MySakila Drive",Lethbridge,Alberta
387,86,1,"BOOGIE AMELIE","A Lacklusture Character Study of a Husband And a Sumo Wrestler who must Succumb a Technical Writer in The Gulf of Mexico",2006,4.99,R,Mike,Hillyer,"47 MySakila Drive",Lethbridge,Alberta
388,86,1,"BOOGIE AMELIE","A Lacklusture Character Study of a Husband And a Sumo Wrestler who must Succumb a Technical Writer in The Gulf of Mexico",2006,4.99,R,Mike,Hillyer,"47 MySakila Drive",Lethbridge,Alberta
389,86,1,"BOOGIE AMELIE","A Lacklusture Character Study of a Husband And a Sumo Wrestler who must Succumb a Technical Writer in The Gulf of Mexico",2006,4.99,R,Mike,Hillyer,"47 MySakila Drive",Lethbridge,Alberta
390,86,1,"BOOGIE AMELIE","A Lacklusture Character Study of a Husband And a Sumo Wrestler who must Succumb a Technical Writer in The Gulf of Mexico",2006,4.99,R,Mike,Hillyer,"47 MySakila Drive",Lethbridge,Alberta
399,89,1,"BORROWERS BEDAZZLED","A Brilliant Epistle of a Teacher And a Sumo Wrestler who must Defeat a Man in An Abandoned Fun House",2006,0.99,G,Mike,Hillyer,"47 MySakila Drive",Lethbridge,Alberta
400,89,1,"BORROWERS BEDAZZLED","A Brilliant Epistle of a Teacher And a Sumo Wrestler who must Defeat a Man in An Abandoned Fun House",2006,0.99,G,Mike,Hillyer,"47 MySakila Drive",Lethbridge,Alberta
401,89,1,"BORROWERS BEDAZZLED","A Brilliant Epistle of a Teacher And a Sumo Wrestler who must Defeat a Man in An Abandoned Fun House",2006,0.99,G,Mike,Hillyer,"47 MySakila Drive",Lethbridge,Alberta
405,90,1,"BOULEVARD MOB","A Fateful Epistle of a Moose And a Monkey who must Confront a Lumberjack in Ancient China",2006,0.99,R,Mike,Hillyer,"47 MySakila Drive",Lethbridge,Alberta
406,90,1,"BOULEVARD MOB","A Fateful Epistle of a Moose And a Monkey who must Confront a Lumberjack in Ancient China",2006,0.99,R,Mike,Hillyer,"47 MySakila Drive",Lethbridge,Alberta
407,90,1,"BOULEVARD MOB","A Fateful Epistle of a Moose And a Monkey who must Confront a Lumberjack in Ancient China",2006,0.99,R,Mike,Hillyer,"47 MySakila Drive",Lethbridge,Alberta
411,91,1,"BOUND CHEAPER","A Thrilling Panorama of a Database Administrator And a Astronaut who must Challenge a Lumberjack in A Baloon",2006,0.99,PG,Mike,Hillyer,"47 MySakila Drive",Lethbridge,Alberta
412,91,1,"BOUND CHEAPER","A Thrilling Panorama of a Database Administrator And a Astronaut who must Challenge a Lumberjack in A Baloon",2006,0.99,PG,Mike,Hillyer,"47 MySakila Drive",Lethbridge,Alberta
413,91,1,"BOUND CHEAPER","A Thrilling Panorama of a Database Administrator And a Astronaut who must Challenge a Lumberjack in A Baloon",2006,0.99,PG,Mike,Hillyer,"47 MySakila Drive",Lethbridge,Alberta
414,91,1,"BOUND CHEAPER","A Thrilling Panorama of a Database Administrator And a Astronaut who must Challenge a Lumberjack in A Baloon",2006,0.99,PG,Mike,Hillyer,"47 MySakila Drive",Lethbridge,Alberta
419,92,1,"BOWFINGER GABLES","A Fast-Paced Yarn of a Waitress And a Composer who must Outgun a Dentist in California",2006,4.99,NC-17,Mike,Hillyer,"47 MySakila Drive",Lethbridge,Alberta
420,92,1,"BOWFINGER GABLES","A Fast-Paced Yarn of a Waitress And a Composer who must Outgun a Dentist in California",2006,4.99,NC-17,Mike,Hillyer,"47 MySakila Drive",Lethbridge,Alberta
426,94,1,"BRAVEHEART HUMAN","A Insightful Story of a Dog And a Pastry Chef who must Battle a Girl in Berlin",2006,2.99,PG-13,Mike,Hillyer,"47 MySakila Drive",Lethbridge,Alberta
427,94,1,"BRAVEHEART HUMAN","A Insightful Story of a Dog And a Pastry Chef who must Battle a Girl in Berlin",2006,2.99,PG-13,Mike,Hillyer,"47 MySakila Drive",Lethbridge,Alberta
428,95,1,"BREAKFAST GOLDFINGER","A Beautiful Reflection of a Student And a Student who must Fight a Moose in Berlin",2006,4.99,G,Mike,Hillyer,"47 MySakila Drive",Lethbridge,Alberta
429,95,1,"BREAKFAST GOLDFINGER","A Beautiful Reflection of a Student And a Student who must Fight a Moose in Berlin",2006,4.99,G,Mike,Hillyer,"47 MySakila Drive",Lethbridge,Alberta
433,96,1,"BREAKING HOME","A Beautiful Display of a Secret Agent And a Monkey who must Battle a Sumo Wrestler in An Abandoned Mine Shaft",2006,2.99,PG-13,Mike,Hillyer,"47 MySakila Drive",Lethbridge,Alberta
434,96,1,"BREAKING HOME","A Beautiful Display of a Secret Agent And a Monkey who must Battle a Sumo Wrestler in An Abandoned Mine Shaft",2006,2.99,PG-13,Mike,Hillyer,"47 MySakila Drive",Lethbridge,Alberta
435,96,1,"BREAKING HOME","A Beautiful Display of a Secret Agent And a Monkey who must Battle a Sumo Wrestler in An Abandoned Mine Shaft",2006,2.99,PG-13,Mike,Hillyer,"47 MySakila Drive",Lethbridge,Alberta
436,97,1,"BRIDE INTRIGUE","A Epic Tale of a Robot And a Monkey who must Vanquish a Man in New Orleans",2006,0.99,G,Mike,Hillyer,"47 MySakila Drive",Lethbridge,Alberta
437,97,1,"BRIDE INTRIGUE","A Epic Tale of a Robot And a Monkey who must Vanquish a Man in New Orleans",2006,0.99,G,Mike,Hillyer,"47 MySakila Drive",Lethbridge,Alberta
438,97,1,"BRIDE INTRIGUE","A Epic Tale of a Robot And a Monkey who must Vanquish a Man in New Orleans",2006,0.99,G,Mike,Hillyer,"47 MySakila Drive",Lethbridge,Alberta
439,97,1,"BRIDE INTRIGUE","A Epic Tale of a Robot And a Monkey who must Vanquish a Man in New Orleans",2006,0.99,G,Mike,Hillyer,"47 MySakila Drive",Lethbridge,Alberta
442,98,1,"BRIGHT ENCOUNTERS","A Fateful Yarn of a Lumberjack And a Feminist who must Conquer a Student in A Jet Boat",2006,4.99,PG-13,Mike,Hillyer,"47 MySakila Drive",Lethbridge,Alberta
443,98,1,"BRIGHT ENCOUNTERS","A Fateful Yarn of a Lumberjack And a Feminist who must Conquer a Student in A Jet Boat",2006,4.99,PG-13,Mike,Hillyer,"47 MySakila Drive",Lethbridge,Alberta
444,98,1,"BRIGHT ENCOUNTERS","A Fateful Yarn of a Lumberjack And a Feminist who must Conquer a Student in A Jet Boat",2006,4.99,PG-13,Mike,Hillyer,"47 MySakila Drive",Lethbridge,Alberta
445,99,1,"BRINGING HYSTERICAL","A Fateful Saga of a A Shark And a Technical Writer who must Find a Woman in A Jet Boat",2006,2.99,PG,Mike,Hillyer,"47 MySakila Drive",Lethbridge,Alberta
446,99,1,"BRINGING HYSTERICAL","A Fateful Saga of a A Shark And a Technical Writer who must Find a Woman in A Jet Boat",2006,2.99,PG,Mike,Hillyer,"47 MySakila Drive",Lethbridge,Alberta
447,99,1,"BRINGING HYSTERICAL","A Fateful Saga of a A Shark And a Technical Writer who must Find a Woman in A Jet Boat",2006,2.99,PG,Mike,Hillyer,"47 MySakila Drive",Lethbridge,Alberta
451,100,1,"BROOKLYN DESERT","A Beautiful Drama of a Dentist And a Composer who must Battle a Sumo Wrestler in The First Manned Space Station",2006,4.99,R,Mike,Hillyer,"47 MySakila Drive",Lethbridge,Alberta
452,100,1,"BROOKLYN DESERT","A Beautiful Drama of a Dentist And a Composer who must Battle a Sumo Wrestler in The First Manned Space Station",2006,4.99,R,Mike,Hillyer,"47 MySakila Drive",Lethbridge,Alberta
453,100,1,"BROOKLYN DESERT","A Beautiful Drama of a Dentist And a Composer who must Battle a Sumo Wrestler in The First Manned Space Station",2006,4.99,R,Mike,Hillyer,"47 MySakila Drive",Lethbridge,Alberta
454,100,1,"BROOKLYN DESERT","A Beautiful Drama of a Dentist And a Composer who must Battle a Sumo Wrestler in The First Manned Space Station",2006,4.99,R,Mike,Hillyer,"47 MySakila Drive",Lethbridge,Alberta
457,101,1,"BROTHERHOOD BLANKET","A Fateful Character Study of a Butler And a Technical Writer who must Sink a Astronaut in Ancient Japan",2006,0.99,R,Mike,Hillyer,"47 MySakila Drive",Lethbridge,Alberta
458,101,1,"BROTHERHOOD BLANKET","A Fateful Character Study of a Butler And a Technical Writer who must Sink a Astronaut in Ancient Japan",2006,0.99,R,Mike,Hillyer,"47 MySakila Drive",Lethbridge,Alberta
459,101,1,"BROTHERHOOD BLANKET","A Fateful Character Study of a Butler And a Technical Writer who must Sink a Astronaut in Ancient Japan",2006,0.99,R,Mike,Hillyer,"47 MySakila Drive",Lethbridge,Alberta
460,101,1,"BROTHERHOOD BLANKET","A Fateful Character Study of a Butler And a Technical Writer who must Sink a Astronaut in Ancient Japan",2006,0.99,R,Mike,Hillyer,"47 MySakila Drive",Lethbridge,Alberta
465,103,1,"BUCKET BROTHERHOOD","A Amazing Display of a Girl And a Womanizer who must Succumb a Lumberjack in A Baloon Factory",2006,4.99,PG,Mike,Hillyer,"47 MySakila Drive",Lethbridge,Alberta
466,103,1,"BUCKET BROTHERHOOD","A Amazing Display of a Girl And a Womanizer who must Succumb a Lumberjack in A Baloon Factory",2006,4.99,PG,Mike,Hillyer,"47 MySakila Drive",Lethbridge,Alberta
467,103,1,"BUCKET BROTHERHOOD","A Amazing Display of a Girl And a Womanizer who must Succumb a Lumberjack in A Baloon Factory",2006,4.99,PG,Mike,Hillyer,"47 MySakila Drive",Lethbridge,Alberta
468,103,1,"BUCKET BROTHERHOOD","A Amazing Display of a Girl And a Womanizer who must Succumb a Lumberjack in A Baloon Factory",2006,4.99,PG,Mike,Hillyer,"47 MySakila Drive",Lethbridge,Alberta
476,105,1,"BULL SHAWSHANK","A Fanciful Drama of a Moose And a Squirrel who must Conquer a Pioneer in The Canadian Rockies",2006,0.99,NC-17,Mike,Hillyer,"47 MySakila Drive",Lethbridge,Alberta
477,105,1,"BULL SHAWSHANK","A Fanciful Drama of a Moose And a Squirrel who must Conquer a Pioneer in The Canadian Rockies",2006,0.99,NC-17,Mike,Hillyer,"47 MySakila Drive",Lethbridge,Alberta
481,106,1,"BULWORTH COMMANDMENTS","A Amazing Display of a Mad Cow And a Pioneer who must Redeem a Sumo Wrestler in The Outback",2006,2.99,G,Mike,Hillyer,"47 MySakila Drive",Lethbridge,Alberta
482,106,1,"BULWORTH COMMANDMENTS","A Amazing Display of a Mad Cow And a Pioneer who must Redeem a Sumo Wrestler in The Outback",2006,2.99,G,Mike,Hillyer,"47 MySakila Drive",Lethbridge,Alberta
485,109,1,"BUTTERFLY CHOCOLAT","A Fateful Story of a Girl And a Composer who must Conquer a Husband in A Shark Tank",2006,0.99,G,Mike,Hillyer,"47 MySakila Drive",Lethbridge,Alberta
486,109,1,"BUTTERFLY CHOCOLAT","A Fateful Story of a Girl And a Composer who must Conquer a Husband in A Shark Tank",2006,0.99,G,Mike,Hillyer,"47 MySakila Drive",Lethbridge,Alberta
487,109,1,"BUTTERFLY CHOCOLAT","A Fateful Story of a Girl And a Composer who must Conquer a Husband in A Shark Tank",2006,0.99,G,Mike,Hillyer,"47 MySakila Drive",Lethbridge,Alberta
488,109,1,"BUTTERFLY CHOCOLAT","A Fateful Story of a Girl And a Composer who must Conquer a Husband in A Shark Tank",2006,0.99,G,Mike,Hillyer,"47 MySakila Drive",Lethbridge,Alberta
493,110,1,"CABIN FLASH","A Stunning Epistle of a Boat And a Man who must Challenge a A Shark in A Baloon Factory",2006,0.99,NC-17,Mike,Hillyer,"47 MySakila Drive",Lethbridge,Alberta
494,110,1,"CABIN FLASH","A Stunning Epistle of a Boat And a Man who must Challenge a A Shark in A Baloon Factory",2006,0.99,NC-17,Mike,Hillyer,"47 MySakila Drive",Lethbridge,Alberta
495,110,1,"CABIN FLASH","A Stunning Epistle of a Boat And a Man who must Challenge a A Shark in A Baloon Factory",2006,0.99,NC-17,Mike,Hillyer,"47 MySakila Drive",Lethbridge,Alberta
496,110,1,"CABIN FLASH","A Stunning Epistle of a Boat And a Man who must Challenge a A Shark in A Baloon Factory",2006,0.99,NC-17,Mike,Hillyer,"47 MySakila Drive",Lethbridge,Alberta
501,112,1,"CALENDAR GUNFIGHT","A Thrilling Drama of a Frisbee And a Lumberjack who must Sink a Man in Nigeria",2006,4.99,NC-17,Mike,Hillyer,"47 MySakila Drive",Lethbridge,Alberta
502,112,1,"CALENDAR GUNFIGHT","A Thrilling Drama of a Frisbee And a Lumberjack who must Sink a Man in Nigeria",2006,4.99,NC-17,Mike,Hillyer,"47 MySakila Drive",Lethbridge,Alberta
503,112,1,"CALENDAR GUNFIGHT","A Thrilling Drama of a Frisbee And a Lumberjack who must Sink a Man in Nigeria",2006,4.99,NC-17,Mike,Hillyer,"47 MySakila Drive",Lethbridge,Alberta
504,112,1,"CALENDAR GUNFIGHT","A Thrilling Drama of a Frisbee And a Lumberjack who must Sink a Man in Nigeria",2006,4.99,NC-17,Mike,Hillyer,"47 MySakila Drive",Lethbridge,Alberta
512,114,1,"CAMELOT VACATION","A Touching Character Study of a Woman And a Waitress who must Battle a Pastry Chef in A MySQL Convention",2006,0.99,NC-17,Mike,Hillyer,"47 MySakila Drive",Lethbridge,Alberta
513,114,1,"CAMELOT VACATION","A Touching Character Study of a Woman And a Waitress who must Battle a Pastry Chef in A MySQL Convention",2006,0.99,NC-17,Mike,Hillyer,"47 MySakila Drive",Lethbridge,Alberta
514,114,1,"CAMELOT VACATION","A Touching Character Study of a Woman And a Waitress who must Battle a Pastry Chef in A MySQL Convention",2006,0.99,NC-17,Mike,Hillyer,"47 MySakila Drive",Lethbridge,Alberta
515,114,1,"CAMELOT VACATION","A Touching Character Study of a Woman And a Waitress who must Battle a Pastry Chef in A MySQL Convention",2006,0.99,NC-17,Mike,Hillyer,"47 MySakila Drive",Lethbridge,Alberta
519,115,1,"CAMPUS REMEMBER","A Astounding Drama of a Crocodile And a Mad Cow who must Build a Robot in A Jet Boat",2006,2.99,R,Mike,Hillyer,"47 MySakila Drive",Lethbridge,Alberta
520,115,1,"CAMPUS REMEMBER","A Astounding Drama of a Crocodile And a Mad Cow who must Build a Robot in A Jet Boat",2006,2.99,R,Mike,Hillyer,"47 MySakila Drive",Lethbridge,Alberta
521,115,1,"CAMPUS REMEMBER","A Astounding Drama of a Crocodile And a Mad Cow who must Build a Robot in A Jet Boat",2006,2.99,R,Mike,Hillyer,"47 MySakila Drive",Lethbridge,Alberta
526,116,1,"CANDIDATE PERDITION","A Brilliant Epistle of a Composer And a Database Administrator who must Vanquish a Mad Scientist in The First Manned Space Station",2006,2.99,R,Mike,Hillyer,"47 MySakila Drive",Lethbridge,Alberta
527,116,1,"CANDIDATE PERDITION","A Brilliant Epistle of a Composer And a Database Administrator who must Vanquish a Mad Scientist in The First Manned Space Station",2006,2.99,R,Mike,Hillyer,"47 MySakila Drive",Lethbridge,Alberta
532,117,1,"CANDLES GRAPES","A Fanciful Character Study of a Monkey And a Explorer who must Build a Astronaut in An Abandoned Fun House",2006,4.99,NC-17,Mike,Hillyer,"47 MySakila Drive",Lethbridge,Alberta
533,117,1,"CANDLES GRAPES","A Fanciful Character Study of a Monkey And a Explorer who must Build a Astronaut in An Abandoned Fun House",2006,4.99,NC-17,Mike,Hillyer,"47 MySakila Drive",Lethbridge,Alberta
534,117,1,"CANDLES GRAPES","A Fanciful Character Study of a Monkey And a Explorer who must Build a Astronaut in An Abandoned Fun House",2006,4.99,NC-17,Mike,Hillyer,"47 MySakila Drive",Lethbridge,Alberta
535,117,1,"CANDLES GRAPES","A Fanciful Character Study of a Monkey And a Explorer who must Build a Astronaut in An Abandoned Fun House",2006,4.99,NC-17,Mike,Hillyer,"47 MySakila Drive",Lethbridge,Alberta
538,118,1,"CANYON STOCK","A Thoughtful Reflection of a Waitress And a Feminist who must Escape a Squirrel in A Manhattan Penthouse",2006,0.99,R,Mike,Hillyer,"47 MySakila Drive",Lethbridge,Alberta
539,118,1,"CANYON STOCK","A Thoughtful Reflection of a Waitress And a Feminist who must Escape a Squirrel in A Manhattan Penthouse",2006,0.99,R,Mike,Hillyer,"47 MySakila Drive",Lethbridge,Alberta
540,118,1,"CANYON STOCK","A Thoughtful Reflection of a Waitress And a Feminist who must Escape a Squirrel in A Manhattan Penthouse",2006,0.99,R,Mike,Hillyer,"47 MySakila Drive",Lethbridge,Alberta
541,118,1,"CANYON STOCK","A Thoughtful Reflection of a Waitress And a Feminist who must Escape a Squirrel in A Manhattan Penthouse",2006,0.99,R,Mike,Hillyer,"47 MySakila Drive",Lethbridge,Alberta
544,119,1,"CAPER MOTIONS","A Fateful Saga of a Moose And a Car who must Pursue a Woman in A MySQL Convention",2006,0.99,G,Mike,Hillyer,"47 MySakila Drive",Lethbridge,Alberta
545,119,1,"CAPER MOTIONS","A Fateful Saga of a Moose And a Car who must Pursue a Woman in A MySQL Convention",2006,0.99,G,Mike,Hillyer,"47 MySakila Drive",Lethbridge,Alberta
546,119,1,"CAPER MOTIONS","A Fateful Saga of a Moose And a Car who must Pursue a Woman in A MySQL Convention",2006,0.99,G,Mike,Hillyer,"47 MySakila Drive",Lethbridge,Alberta
551,120,1,"CARIBBEAN LIBERTY","A Fanciful Tale of a Pioneer And a Technical Writer who must Outgun a Pioneer in A Shark Tank",2006,4.99,NC-17,Mike,Hillyer,"47 MySakila Drive",Lethbridge,Alberta
552,120,1,"CARIBBEAN LIBERTY","A Fanciful Tale of a Pioneer And a Technical Writer who must Outgun a Pioneer in A Shark Tank",2006,4.99,NC-17,Mike,Hillyer,"47 MySakila Drive",Lethbridge,Alberta
553,120,1,"CARIBBEAN LIBERTY","A Fanciful Tale of a Pioneer And a Technical Writer who must Outgun a Pioneer in A Shark Tank",2006,4.99,NC-17,Mike,Hillyer,"47 MySakila Drive",Lethbridge,Alberta
554,121,1,"CAROL TEXAS","A Astounding Character Study of a Composer And a Student who must Overcome a Composer in A Monastery",2006,2.99,PG,Mike,Hillyer,"47 MySakila Drive",Lethbridge,Alberta
555,121,1,"CAROL TEXAS","A Astounding Character Study of a Composer And a Student who must Overcome a Composer in A Monastery",2006,2.99,PG,Mike,Hillyer,"47 MySakila Drive",Lethbridge,Alberta
556,121,1,"CAROL TEXAS","A Astounding Character Study of a Composer And a Student who must Overcome a Composer in A Monastery",2006,2.99,PG,Mike,Hillyer,"47 MySakila Drive",Lethbridge,Alberta
560,122,1,"CARRIE BUNCH","A Amazing Epistle of a Student And a Astronaut who must Discover a Frisbee in The Canadian Rockies",2006,0.99,PG,Mike,Hillyer,"47 MySakila Drive",Lethbridge,Alberta
561,122,1,"CARRIE BUNCH","A Amazing Epistle of a Student And a Astronaut who must Discover a Frisbee in The Canadian Rockies",2006,0.99,PG,Mike,Hillyer,"47 MySakila Drive",Lethbridge,Alberta
562,122,1,"CARRIE BUNCH","A Amazing Epistle of a Student And a Astronaut who must Discover a Frisbee in The Canadian Rockies",2006,0.99,PG,Mike,Hillyer,"47 MySakila Drive",Lethbridge,Alberta
563,122,1,"CARRIE BUNCH","A Amazing Epistle of a Student And a Astronaut who must Discover a Frisbee in The Canadian Rockies",2006,0.99,PG,Mike,Hillyer,"47 MySakila Drive",Lethbridge,Alberta
567,123,1,"CASABLANCA SUPER","A Amazing Panorama of a Crocodile And a Forensic Psychologist who must Pursue a Secret Agent in The First Manned Space Station",2006,4.99,G,Mike,Hillyer,"47 MySakila Drive",Lethbridge,Alberta
568,123,1,"CASABLANCA SUPER","A Amazing Panorama of a Crocodile And a Forensic Psychologist who must Pursue a Secret Agent in The First Manned Space Station",2006,4.99,G,Mike,Hillyer,"47 MySakila Drive",Lethbridge,Alberta
580,127,1,"CAT CONEHEADS","A Fast-Paced Panorama of a Girl And a A Shark who must Confront a Boy in Ancient India",2006,4.99,G,Mike,Hillyer,"47 MySakila Drive",Lethbridge,Alberta
581,127,1,"CAT CONEHEADS","A Fast-Paced Panorama of a Girl And a A Shark who must Confront a Boy in Ancient India",2006,4.99,G,Mike,Hillyer,"47 MySakila Drive",Lethbridge,Alberta
582,127,1,"CAT CONEHEADS","A Fast-Paced Panorama of a Girl And a A Shark who must Confront a Boy in Ancient India",2006,4.99,G,Mike,Hillyer,"47 MySakila Drive",Lethbridge,Alberta
583,127,1,"CAT CONEHEADS","A Fast-Paced Panorama of a Girl And a A Shark who must Confront a Boy in Ancient India",2006,4.99,G,Mike,Hillyer,"47 MySakila Drive",Lethbridge,Alberta
588,129,1,"CAUSE DATE","A Taut Tale of a Explorer And a Pastry Chef who must Conquer a Hunter in A MySQL Convention",2006,2.99,R,Mike,Hillyer,"47 MySakila Drive",Lethbridge,Alberta
589,129,1,"CAUSE DATE","A Taut Tale of a Explorer And a Pastry Chef who must Conquer a Hunter in A MySQL Convention",2006,2.99,R,Mike,Hillyer,"47 MySakila Drive",Lethbridge,Alberta
590,129,1,"CAUSE DATE","A Taut Tale of a Explorer And a Pastry Chef who must Conquer a Hunter in A MySQL Convention",2006,2.99,R,Mike,Hillyer,"47 MySakila Drive",Lethbridge,Alberta
594,130,1,"CELEBRITY HORN","A Amazing Documentary of a Secret Agent And a Astronaut who must Vanquish a Hunter in A Shark Tank",2006,0.99,PG-13,Mike,Hillyer,"47 MySakila Drive",Lethbridge,Alberta
595,130,1,"CELEBRITY HORN","A Amazing Documentary of a Secret Agent And a Astronaut who must Vanquish a Hunter in A Shark Tank",2006,0.99,PG-13,Mike,Hillyer,"47 MySakila Drive",Lethbridge,Alberta
600,131,1,"CENTER DINOSAUR","A Beautiful Character Study of a Sumo Wrestler And a Dentist who must Find a Dog in California",2006,4.99,PG,Mike,Hillyer,"47 MySakila Drive",Lethbridge,Alberta
601,131,1,"CENTER DINOSAUR","A Beautiful Character Study of a Sumo Wrestler And a Dentist who must Find a Dog in California",2006,4.99,PG,Mike,Hillyer,"47 MySakila Drive",Lethbridge,Alberta
602,131,1,"CENTER DINOSAUR","A Beautiful Character Study of a Sumo Wrestler And a Dentist who must Find a Dog in California",2006,4.99,PG,Mike,Hillyer,"47 MySakila Drive",Lethbridge,Alberta
603,131,1,"CENTER DINOSAUR","A Beautiful Character Study of a Sumo Wrestler And a Dentist who must Find a Dog in California",2006,4.99,PG,Mike,Hillyer,"47 MySakila Drive",Lethbridge,Alberta
606,132,1,"CHAINSAW UPTOWN","A Beautiful Documentary of a Boy And a Robot who must Discover a Squirrel in Australia",2006,0.99,PG,Mike,Hillyer,"47 MySakila Drive",Lethbridge,Alberta
607,132,1,"CHAINSAW UPTOWN","A Beautiful Documentary of a Boy And a Robot who must Discover a Squirrel in Australia",2006,0.99,PG,Mike,Hillyer,"47 MySakila Drive",Lethbridge,Alberta
608,132,1,"CHAINSAW UPTOWN","A Beautiful Documentary of a Boy And a Robot who must Discover a Squirrel in Australia",2006,0.99,PG,Mike,Hillyer,"47 MySakila Drive",Lethbridge,Alberta
609,132,1,"CHAINSAW UPTOWN","A Beautiful Documentary of a Boy And a Robot who must Discover a Squirrel in Australia",2006,0.99,PG,Mike,Hillyer,"47 MySakila Drive",Lethbridge,Alberta
612,133,1,"CHAMBER ITALIAN","A Fateful Reflection of a Moose And a Husband who must Overcome a Monkey in Nigeria",2006,4.99,NC-17,Mike,Hillyer,"47 MySakila Drive",Lethbridge,Alberta
613,133,1,"CHAMBER ITALIAN","A Fateful Reflection of a Moose And a Husband who must Overcome a Monkey in Nigeria",2006,4.99,NC-17,Mike,Hillyer,"47 MySakila Drive",Lethbridge,Alberta
619,135,1,"CHANCE RESURRECTION","A Astounding Story of a Forensic Psychologist And a Forensic Psychologist who must Overcome a Moose in Ancient China",2006,2.99,R,Mike,Hillyer,"47 MySakila Drive",Lethbridge,Alberta
620,135,1,"CHANCE RESURRECTION","A Astounding Story of a Forensic Psychologist And a Forensic Psychologist who must Overcome a Moose in Ancient China",2006,2.99,R,Mike,Hillyer,"47 MySakila Drive",Lethbridge,Alberta
621,135,1,"CHANCE RESURRECTION","A Astounding Story of a Forensic Psychologist And a Forensic Psychologist who must Overcome a Moose in Ancient China",2006,2.99,R,Mike,Hillyer,"47 MySakila Drive",Lethbridge,Alberta
626,136,1,"CHAPLIN LICENSE","A Boring Drama of a Dog And a Forensic Psychologist who must Outrace a Explorer in Ancient India",2006,2.99,NC-17,Mike,Hillyer,"47 MySakila Drive",Lethbridge,Alberta
627,136,1,"CHAPLIN LICENSE","A Boring Drama of a Dog And a Forensic Psychologist who must Outrace a Explorer in Ancient India",2006,2.99,NC-17,Mike,Hillyer,"47 MySakila Drive",Lethbridge,Alberta
628,136,1,"CHAPLIN LICENSE","A Boring Drama of a Dog And a Forensic Psychologist who must Outrace a Explorer in Ancient India",2006,2.99,NC-17,Mike,Hillyer,"47 MySakila Drive",Lethbridge,Alberta
633,138,1,"CHARIOTS CONSPIRACY","A Unbelieveable Epistle of a Robot And a Husband who must Chase a Robot in The First Manned Space Station",2006,2.99,R,Mike,Hillyer,"47 MySakila Drive",Lethbridge,Alberta
634,138,1,"CHARIOTS CONSPIRACY","A Unbelieveable Epistle of a Robot And a Husband who must Chase a Robot in The First Manned Space Station",2006,2.99,R,Mike,Hillyer,"47 MySakila Drive",Lethbridge,Alberta
638,139,1,"CHASING FIGHT","A Astounding Saga of a Technical Writer And a Butler who must Battle a Butler in A Shark Tank",2006,4.99,PG,Mike,Hillyer,"47 MySakila Drive",Lethbridge,Alberta
639,139,1,"CHASING FIGHT","A Astounding Saga of a Technical Writer And a Butler who must Battle a Butler in A Shark Tank",2006,4.99,PG,Mike,Hillyer,"47 MySakila Drive",Lethbridge,Alberta
640,139,1,"CHASING FIGHT","A Astounding Saga of a Technical Writer And a Butler who must Battle a Butler in A Shark Tank",2006,4.99,PG,Mike,Hillyer,"47 MySakila Drive",Lethbridge,Alberta
641,139,1,"CHASING FIGHT","A Astounding Saga of a Technical Writer And a Butler who must Battle a Butler in A Shark Tank",2006,4.99,PG,Mike,Hillyer,"47 MySakila Drive",Lethbridge,Alberta
644,140,1,"CHEAPER CLYDE","A Emotional Character Study of a Pioneer And a Girl who must Discover a Dog in Ancient Japan",2006,0.99,G,Mike,Hillyer,"47 MySakila Drive",Lethbridge,Alberta
645,140,1,"CHEAPER CLYDE","A Emotional Character Study of a Pioneer And a Girl who must Discover a Dog in Ancient Japan",2006,0.99,G,Mike,Hillyer,"47 MySakila Drive",Lethbridge,Alberta
649,141,1,"CHICAGO NORTH","A Fateful Yarn of a Mad Cow And a Waitress who must Battle a Student in California",2006,4.99,PG-13,Mike,Hillyer,"47 MySakila Drive",Lethbridge,Alberta
650,141,1,"CHICAGO NORTH","A Fateful Yarn of a Mad Cow And a Waitress who must Battle a Student in California",2006,4.99,PG-13,Mike,Hillyer,"47 MySakila Drive",Lethbridge,Alberta
651,141,1,"CHICAGO NORTH","A Fateful Yarn of a Mad Cow And a Waitress who must Battle a Student in California",2006,4.99,PG-13,Mike,Hillyer,"47 MySakila Drive",Lethbridge,Alberta
654,142,1,"CHICKEN HELLFIGHTERS","A Emotional Drama of a Dog And a Explorer who must Outrace a Technical Writer in Australia",2006,0.99,PG,Mike,Hillyer,"47 MySakila Drive",Lethbridge,Alberta
655,142,1,"CHICKEN HELLFIGHTERS","A Emotional Drama of a Dog And a Explorer who must Outrace a Technical Writer in Australia",2006,0.99,PG,Mike,Hillyer,"47 MySakila Drive",Lethbridge,Alberta
656,142,1,"CHICKEN HELLFIGHTERS","A Emotional Drama of a Dog And a Explorer who must Outrace a Technical Writer in Australia",2006,0.99,PG,Mike,Hillyer,"47 MySakila Drive",Lethbridge,Alberta
659,143,1,"CHILL LUCK","A Lacklusture Epistle of a Boat And a Technical Writer who must Fight a A Shark in The Canadian Rockies",2006,0.99,PG,Mike,Hillyer,"47 MySakila Drive",Lethbridge,Alberta
660,143,1,"CHILL LUCK","A Lacklusture Epistle of a Boat And a Technical Writer who must Fight a A Shark in The Canadian Rockies",2006,0.99,PG,Mike,Hillyer,"47 MySakila Drive",Lethbridge,Alberta
661,143,1,"CHILL LUCK","A Lacklusture Epistle of a Boat And a Technical Writer who must Fight a A Shark in The Canadian Rockies",2006,0.99,PG,Mike,Hillyer,"47 MySakila Drive",Lethbridge,Alberta
662,143,1,"CHILL LUCK","A Lacklusture Epistle of a Boat And a Technical Writer who must Fight a A Shark in The Canadian Rockies",2006,0.99,PG,Mike,Hillyer,"47 MySakila Drive",Lethbridge,Alberta
669,146,1,"CHITTY LOCK","A Boring Epistle of a Boat And a Database Administrator who must Kill a Sumo Wrestler in The First Manned Space Station",2006,2.99,G,Mike,Hillyer,"47 MySakila Drive",Lethbridge,Alberta
670,146,1,"CHITTY LOCK","A Boring Epistle of a Boat And a Database Administrator who must Kill a Sumo Wrestler in The First Manned Space Station",2006,2.99,G,Mike,Hillyer,"47 MySakila Drive",Lethbridge,Alberta
671,146,1,"CHITTY LOCK","A Boring Epistle of a Boat And a Database Administrator who must Kill a Sumo Wrestler in The First Manned Space Station",2006,2.99,G,Mike,Hillyer,"47 MySakila Drive",Lethbridge,Alberta
672,147,1,"CHOCOLAT HARRY","A Action-Packed Epistle of a Dentist And a Moose who must Meet a Mad Cow in Ancient Japan",2006,0.99,NC-17,Mike,Hillyer,"47 MySakila Drive",Lethbridge,Alberta
673,147,1,"CHOCOLAT HARRY","A Action-Packed Epistle of a Dentist And a Moose who must Meet a Mad Cow in Ancient Japan",2006,0.99,NC-17,Mike,Hillyer,"47 MySakila Drive",Lethbridge,Alberta
674,147,1,"CHOCOLAT HARRY","A Action-Packed Epistle of a Dentist And a Moose who must Meet a Mad Cow in Ancient Japan",2006,0.99,NC-17,Mike,Hillyer,"47 MySakila Drive",Lethbridge,Alberta
678,149,1,"CHRISTMAS MOONSHINE","A Action-Packed Epistle of a Feminist And a Astronaut who must Conquer a Boat in A Manhattan Penthouse",2006,0.99,NC-17,Mike,Hillyer,"47 MySakila Drive",Lethbridge,Alberta
679,149,1,"CHRISTMAS MOONSHINE","A Action-Packed Epistle of a Feminist And a Astronaut who must Conquer a Boat in A Manhattan Penthouse",2006,0.99,NC-17,Mike,Hillyer,"47 MySakila Drive",Lethbridge,Alberta
680,149,1,"CHRISTMAS MOONSHINE","A Action-Packed Epistle of a Feminist And a Astronaut who must Conquer a Boat in A Manhattan Penthouse",2006,0.99,NC-17,Mike,Hillyer,"47 MySakila Drive",Lethbridge,Alberta
684,150,1,"CIDER DESIRE","A Stunning Character Study of a Composer And a Mad Cow who must Succumb a Cat in Soviet Georgia",2006,2.99,PG,Mike,Hillyer,"47 MySakila Drive",Lethbridge,Alberta
685,150,1,"CIDER DESIRE","A Stunning Character Study of a Composer And a Mad Cow who must Succumb a Cat in Soviet Georgia",2006,2.99,PG,Mike,Hillyer,"47 MySakila Drive",Lethbridge,Alberta
690,151,1,"CINCINATTI WHISPERER","A Brilliant Saga of a Pastry Chef And a Hunter who must Confront a Butler in Berlin",2006,4.99,NC-17,Mike,Hillyer,"47 MySakila Drive",Lethbridge,Alberta
691,151,1,"CINCINATTI WHISPERER","A Brilliant Saga of a Pastry Chef And a Hunter who must Confront a Butler in Berlin",2006,4.99,NC-17,Mike,Hillyer,"47 MySakila Drive",Lethbridge,Alberta
694,152,1,"CIRCUS YOUTH","A Thoughtful Drama of a Pastry Chef And a Dentist who must Pursue a Girl in A Baloon",2006,2.99,PG-13,Mike,Hillyer,"47 MySakila Drive",Lethbridge,Alberta
695,152,1,"CIRCUS YOUTH","A Thoughtful Drama of a Pastry Chef And a Dentist who must Pursue a Girl in A Baloon",2006,2.99,PG-13,Mike,Hillyer,"47 MySakila Drive",Lethbridge,Alberta
696,152,1,"CIRCUS YOUTH","A Thoughtful Drama of a Pastry Chef And a Dentist who must Pursue a Girl in A Baloon",2006,2.99,PG-13,Mike,Hillyer,"47 MySakila Drive",Lethbridge,Alberta
697,152,1,"CIRCUS YOUTH","A Thoughtful Drama of a Pastry Chef And a Dentist who must Pursue a Girl in A Baloon",2006,2.99,PG-13,Mike,Hillyer,"47 MySakila Drive",Lethbridge,Alberta
698,153,1,"CITIZEN SHREK","A Fanciful Character Study of a Technical Writer And a Husband who must Redeem a Robot in The Outback",2006,0.99,G,Mike,Hillyer,"47 MySakila Drive",Lethbridge,Alberta
699,153,1,"CITIZEN SHREK","A Fanciful Character Study of a Technical Writer And a Husband who must Redeem a Robot in The Outback",2006,0.99,G,Mike,Hillyer,"47 MySakila Drive",Lethbridge,Alberta
700,153,1,"CITIZEN SHREK","A Fanciful Character Study of a Technical Writer And a Husband who must Redeem a Robot in The Outback",2006,0.99,G,Mike,Hillyer,"47 MySakila Drive",Lethbridge,Alberta
701,153,1,"CITIZEN SHREK","A Fanciful Character Study of a Technical Writer And a Husband who must Redeem a Robot in The Outback",2006,0.99,G,Mike,Hillyer,"47 MySakila Drive",Lethbridge,Alberta
702,154,1,"CLASH FREDDY","A Amazing Yarn of a Composer And a Squirrel who must Escape a Astronaut in Australia",2006,2.99,G,Mike,Hillyer,"47 MySakila Drive",Lethbridge,Alberta
703,154,1,"CLASH FREDDY","A Amazing Yarn of a Composer And a Squirrel who must Escape a Astronaut in Australia",2006,2.99,G,Mike,Hillyer,"47 MySakila Drive",Lethbridge,Alberta
704,154,1,"CLASH FREDDY","A Amazing Yarn of a Composer And a Squirrel who must Escape a Astronaut in Australia",2006,2.99,G,Mike,Hillyer,"47 MySakila Drive",Lethbridge,Alberta
709,155,1,"CLEOPATRA DEVIL","A Fanciful Documentary of a Crocodile And a Technical Writer who must Fight a A Shark in A Baloon",2006,0.99,PG-13,Mike,Hillyer,"47 MySakila Drive",Lethbridge,Alberta
710,155,1,"CLEOPATRA DEVIL","A Fanciful Documentary of a Crocodile And a Technical Writer who must Fight a A Shark in A Baloon",2006,0.99,PG-13,Mike,Hillyer,"47 MySakila Drive",Lethbridge,Alberta
719,158,1,"CLONES PINOCCHIO","A Amazing Drama of a Car And a Robot who must Pursue a Dentist in New Orleans",2006,2.99,R,Mike,Hillyer,"47 MySakila Drive",Lethbridge,Alberta
720,158,1,"CLONES PINOCCHIO","A Amazing Drama of a Car And a Robot who must Pursue a Dentist in New Orleans",2006,2.99,R,Mike,Hillyer,"47 MySakila Drive",Lethbridge,Alberta
724,159,1,"CLOSER BANG","A Unbelieveable Panorama of a Frisbee And a Hunter who must Vanquish a Monkey in Ancient India",2006,4.99,R,Mike,Hillyer,"47 MySakila Drive",Lethbridge,Alberta
725,159,1,"CLOSER BANG","A Unbelieveable Panorama of a Frisbee And a Hunter who must Vanquish a Monkey in Ancient India",2006,4.99,R,Mike,Hillyer,"47 MySakila Drive",Lethbridge,Alberta
726,159,1,"CLOSER BANG","A Unbelieveable Panorama of a Frisbee And a Hunter who must Vanquish a Monkey in Ancient India",2006,4.99,R,Mike,Hillyer,"47 MySakila Drive",Lethbridge,Alberta
727,159,1,"CLOSER BANG","A Unbelieveable Panorama of a Frisbee And a Hunter who must Vanquish a Monkey in Ancient India",2006,4.99,R,Mike,Hillyer,"47 MySakila Drive",Lethbridge,Alberta
731,160,1,"CLUB GRAFFITI","A Epic Tale of a Pioneer And a Hunter who must Escape a Girl in A U-Boat",2006,0.99,PG-13,Mike,Hillyer,"47 MySakila Drive",Lethbridge,Alberta
732,160,1,"CLUB GRAFFITI","A Epic Tale of a Pioneer And a Hunter who must Escape a Girl in A U-Boat",2006,0.99,PG-13,Mike,Hillyer,"47 MySakila Drive",Lethbridge,Alberta
736,161,1,"CLUE GRAIL","A Taut Tale of a Butler And a Mad Scientist who must Build a Crocodile in Ancient China",2006,4.99,NC-17,Mike,Hillyer,"47 MySakila Drive",Lethbridge,Alberta
737,161,1,"CLUE GRAIL","A Taut Tale of a Butler And a Mad Scientist who must Build a Crocodile in Ancient China",2006,4.99,NC-17,Mike,Hillyer,"47 MySakila Drive",Lethbridge,Alberta
738,162,1,"CLUELESS BUCKET","A Taut Tale of a Car And a Pioneer who must Conquer a Sumo Wrestler in An Abandoned Fun House",2006,2.99,R,Mike,Hillyer,"47 MySakila Drive",Lethbridge,Alberta
739,162,1,"CLUELESS BUCKET","A Taut Tale of a Car And a Pioneer who must Conquer a Sumo Wrestler in An Abandoned Fun House",2006,2.99,R,Mike,Hillyer,"47 MySakila Drive",Lethbridge,Alberta
740,162,1,"CLUELESS BUCKET","A Taut Tale of a Car And a Pioneer who must Conquer a Sumo Wrestler in An Abandoned Fun House",2006,2.99,R,Mike,Hillyer,"47 MySakila Drive",Lethbridge,Alberta
748,164,1,"COAST RAINBOW","A Astounding Documentary of a Mad Cow And a Pioneer who must Challenge a Butler in The Sahara Desert",2006,0.99,PG,Mike,Hillyer,"47 MySakila Drive",Lethbridge,Alberta
749,164,1,"COAST RAINBOW","A Astounding Documentary of a Mad Cow And a Pioneer who must Challenge a Butler in The Sahara Desert",2006,0.99,PG,Mike,Hillyer,"47 MySakila Drive",Lethbridge,Alberta
753,165,1,"COLDBLOODED DARLING","A Brilliant Panorama of a Dentist And a Moose who must Find a Student in The Gulf of Mexico",2006,4.99,G,Mike,Hillyer,"47 MySakila Drive",Lethbridge,Alberta
754,165,1,"COLDBLOODED DARLING","A Brilliant Panorama of a Dentist And a Moose who must Find a Student in The Gulf of Mexico",2006,4.99,G,Mike,Hillyer,"47 MySakila Drive",Lethbridge,Alberta
755,165,1,"COLDBLOODED DARLING","A Brilliant Panorama of a Dentist And a Moose who must Find a Student in The Gulf of Mexico",2006,4.99,G,Mike,Hillyer,"47 MySakila Drive",Lethbridge,Alberta
758,166,1,"COLOR PHILADELPHIA","A Thoughtful Panorama of a Car And a Crocodile who must Sink a Monkey in The Sahara Desert",2006,2.99,G,Mike,Hillyer,"47 MySakila Drive",Lethbridge,Alberta
759,166,1,"COLOR PHILADELPHIA","A Thoughtful Panorama of a Car And a Crocodile who must Sink a Monkey in The Sahara Desert",2006,2.99,G,Mike,Hillyer,"47 MySakila Drive",Lethbridge,Alberta
760,166,1,"COLOR PHILADELPHIA","A Thoughtful Panorama of a Car And a Crocodile who must Sink a Monkey in The Sahara Desert",2006,2.99,G,Mike,Hillyer,"47 MySakila Drive",Lethbridge,Alberta
761,166,1,"COLOR PHILADELPHIA","A Thoughtful Panorama of a Car And a Crocodile who must Sink a Monkey in The Sahara Desert",2006,2.99,G,Mike,Hillyer,"47 MySakila Drive",Lethbridge,Alberta
764,167,1,"COMA HEAD","A Awe-Inspiring Drama of a Boy And a Frisbee who must Escape a Pastry Chef in California",2006,4.99,NC-17,Mike,Hillyer,"47 MySakila Drive",Lethbridge,Alberta
765,167,1,"COMA HEAD","A Awe-Inspiring Drama of a Boy And a Frisbee who must Escape a Pastry Chef in California",2006,4.99,NC-17,Mike,Hillyer,"47 MySakila Drive",Lethbridge,Alberta
766,167,1,"COMA HEAD","A Awe-Inspiring Drama of a Boy And a Frisbee who must Escape a Pastry Chef in California",2006,4.99,NC-17,Mike,Hillyer,"47 MySakila Drive",Lethbridge,Alberta
767,167,1,"COMA HEAD","A Awe-Inspiring Drama of a Boy And a Frisbee who must Escape a Pastry Chef in California",2006,4.99,NC-17,Mike,Hillyer,"47 MySakila Drive",Lethbridge,Alberta
771,168,1,"COMANCHEROS ENEMY","A Boring Saga of a Lumberjack And a Monkey who must Find a Monkey in The Gulf of Mexico",2006,0.99,R,Mike,Hillyer,"47 MySakila Drive",Lethbridge,Alberta
772,168,1,"COMANCHEROS ENEMY","A Boring Saga of a Lumberjack And a Monkey who must Find a Monkey in The Gulf of Mexico",2006,0.99,R,Mike,Hillyer,"47 MySakila Drive",Lethbridge,Alberta
773,169,1,"COMFORTS RUSH","A Unbelieveable Panorama of a Pioneer And a Husband who must Meet a Mad Cow in An Abandoned Mine Shaft",2006,2.99,NC-17,Mike,Hillyer,"47 MySakila Drive",Lethbridge,Alberta
774,169,1,"COMFORTS RUSH","A Unbelieveable Panorama of a Pioneer And a Husband who must Meet a Mad Cow in An Abandoned Mine Shaft",2006,2.99,NC-17,Mike,Hillyer,"47 MySakila Drive",Lethbridge,Alberta
777,170,1,"COMMAND DARLING","A Awe-Inspiring Tale of a Forensic Psychologist And a Woman who must Challenge a Database Administrator in Ancient Japan",2006,4.99,PG-13,Mike,Hillyer,"47 MySakila Drive",Lethbridge,Alberta
778,170,1,"COMMAND DARLING","A Awe-Inspiring Tale of a Forensic Psychologist And a Woman who must Challenge a Database Administrator in Ancient Japan",2006,4.99,PG-13,Mike,Hillyer,"47 MySakila Drive",Lethbridge,Alberta
783,172,1,"CONEHEADS SMOOCHY","A Touching Story of a Womanizer And a Composer who must Pursue a Husband in Nigeria",2006,4.99,NC-17,Mike,Hillyer,"47 MySakila Drive",Lethbridge,Alberta
784,172,1,"CONEHEADS SMOOCHY","A Touching Story of a Womanizer And a Composer who must Pursue a Husband in Nigeria",2006,4.99,NC-17,Mike,Hillyer,"47 MySakila Drive",Lethbridge,Alberta
785,172,1,"CONEHEADS SMOOCHY","A Touching Story of a Womanizer And a Composer who must Pursue a Husband in Nigeria",2006,4.99,NC-17,Mike,Hillyer,"47 MySakila Drive",Lethbridge,Alberta
786,172,1,"CONEHEADS SMOOCHY","A Touching Story of a Womanizer And a Composer who must Pursue a Husband in Nigeria",2006,4.99,NC-17,Mike,Hillyer,"47 MySakila Drive",Lethbridge,Alberta
790,173,1,"CONFESSIONS MAGUIRE","A Insightful Story of a Car And a Boy who must Battle a Technical Writer in A Baloon",2006,4.99,PG-13,Mike,Hillyer,"47 MySakila Drive",Lethbridge,Alberta
791,173,1,"CONFESSIONS MAGUIRE","A Insightful Story of a Car And a Boy who must Battle a Technical Writer in A Baloon",2006,4.99,PG-13,Mike,Hillyer,"47 MySakila Drive",Lethbridge,Alberta
792,173,1,"CONFESSIONS MAGUIRE","A Insightful Story of a Car And a Boy who must Battle a Technical Writer in A Baloon",2006,4.99,PG-13,Mike,Hillyer,"47 MySakila Drive",Lethbridge,Alberta
795,174,1,"CONFIDENTIAL INTERVIEW","A Stunning Reflection of a Cat And a Woman who must Find a Astronaut in Ancient Japan",2006,4.99,NC-17,Mike,Hillyer,"47 MySakila Drive",Lethbridge,Alberta
796,174,1,"CONFIDENTIAL INTERVIEW","A Stunning Reflection of a Cat And a Woman who must Find a Astronaut in Ancient Japan",2006,4.99,NC-17,Mike,Hillyer,"47 MySakila Drive",Lethbridge,Alberta
797,174,1,"CONFIDENTIAL INTERVIEW","A Stunning Reflection of a Cat And a Woman who must Find a Astronaut in Ancient Japan",2006,4.99,NC-17,Mike,Hillyer,"47 MySakila Drive",Lethbridge,Alberta
798,174,1,"CONFIDENTIAL INTERVIEW","A Stunning Reflection of a Cat And a Woman who must Find a Astronaut in Ancient Japan",2006,4.99,NC-17,Mike,Hillyer,"47 MySakila Drive",Lethbridge,Alberta
803,175,1,"CONFUSED CANDLES","A Stunning Epistle of a Cat And a Forensic Psychologist who must Confront a Pioneer in A Baloon",2006,2.99,PG-13,Mike,Hillyer,"47 MySakila Drive",Lethbridge,Alberta
804,175,1,"CONFUSED CANDLES","A Stunning Epistle of a Cat And a Forensic Psychologist who must Confront a Pioneer in A Baloon",2006,2.99,PG-13,Mike,Hillyer,"47 MySakila Drive",Lethbridge,Alberta
808,176,1,"CONGENIALITY QUEST","A Touching Documentary of a Cat And a Pastry Chef who must Find a Lumberjack in A Baloon",2006,0.99,PG-13,Mike,Hillyer,"47 MySakila Drive",Lethbridge,Alberta
809,176,1,"CONGENIALITY QUEST","A Touching Documentary of a Cat And a Pastry Chef who must Find a Lumberjack in A Baloon",2006,0.99,PG-13,Mike,Hillyer,"47 MySakila Drive",Lethbridge,Alberta
817,178,1,"CONNECTION MICROCOSMOS","A Fateful Documentary of a Crocodile And a Husband who must Face a Husband in The First Manned Space Station",2006,0.99,G,Mike,Hillyer,"47 MySakila Drive",Lethbridge,Alberta
818,178,1,"CONNECTION MICROCOSMOS","A Fateful Documentary of a Crocodile And a Husband who must Face a Husband in The First Manned Space Station",2006,0.99,G,Mike,Hillyer,"47 MySakila Drive",Lethbridge,Alberta
819,179,1,"CONQUERER NUTS","A Taut Drama of a Mad Scientist And a Man who must Escape a Pioneer in An Abandoned Mine Shaft",2006,4.99,G,Mike,Hillyer,"47 MySakila Drive",Lethbridge,Alberta
820,179,1,"CONQUERER NUTS","A Taut Drama of a Mad Scientist And a Man who must Escape a Pioneer in An Abandoned Mine Shaft",2006,4.99,G,Mike,Hillyer,"47 MySakila Drive",Lethbridge,Alberta
821,179,1,"CONQUERER NUTS","A Taut Drama of a Mad Scientist And a Man who must Escape a Pioneer in An Abandoned Mine Shaft",2006,4.99,G,Mike,Hillyer,"47 MySakila Drive",Lethbridge,Alberta
822,179,1,"CONQUERER NUTS","A Taut Drama of a Mad Scientist And a Man who must Escape a Pioneer in An Abandoned Mine Shaft",2006,4.99,G,Mike,Hillyer,"47 MySakila Drive",Lethbridge,Alberta
825,181,1,"CONTACT ANONYMOUS","A Insightful Display of a A Shark And a Monkey who must Face a Database Administrator in Ancient India",2006,2.99,PG-13,Mike,Hillyer,"47 MySakila Drive",Lethbridge,Alberta
826,181,1,"CONTACT ANONYMOUS","A Insightful Display of a A Shark And a Monkey who must Face a Database Administrator in Ancient India",2006,2.99,PG-13,Mike,Hillyer,"47 MySakila Drive",Lethbridge,Alberta
827,181,1,"CONTACT ANONYMOUS","A Insightful Display of a A Shark And a Monkey who must Face a Database Administrator in Ancient India",2006,2.99,PG-13,Mike,Hillyer,"47 MySakila Drive",Lethbridge,Alberta
832,182,1,"CONTROL ANTHEM","A Fateful Documentary of a Robot And a Student who must Battle a Cat in A Monastery",2006,4.99,G,Mike,Hillyer,"47 MySakila Drive",Lethbridge,Alberta
833,182,1,"CONTROL ANTHEM","A Fateful Documentary of a Robot And a Student who must Battle a Cat in A Monastery",2006,4.99,G,Mike,Hillyer,"47 MySakila Drive",Lethbridge,Alberta
834,183,1,"CONVERSATION DOWNHILL","A Taut Character Study of a Husband And a Waitress who must Sink a Squirrel in A MySQL Convention",2006,4.99,R,Mike,Hillyer,"47 MySakila Drive",Lethbridge,Alberta
835,183,1,"CONVERSATION DOWNHILL","A Taut Character Study of a Husband And a Waitress who must Sink a Squirrel in A MySQL Convention",2006,4.99,R,Mike,Hillyer,"47 MySakila Drive",Lethbridge,Alberta
836,183,1,"CONVERSATION DOWNHILL","A Taut Character Study of a Husband And a Waitress who must Sink a Squirrel in A MySQL Convention",2006,4.99,R,Mike,Hillyer,"47 MySakila Drive",Lethbridge,Alberta
840,184,1,"CORE SUIT","A Unbelieveable Tale of a Car And a Explorer who must Confront a Boat in A Manhattan Penthouse",2006,2.99,PG-13,Mike,Hillyer,"47 MySakila Drive",Lethbridge,Alberta
841,184,1,"CORE SUIT","A Unbelieveable Tale of a Car And a Explorer who must Confront a Boat in A Manhattan Penthouse",2006,2.99,PG-13,Mike,Hillyer,"47 MySakila Drive",Lethbridge,Alberta
845,185,1,"COWBOY DOOM","A Astounding Drama of a Boy And a Lumberjack who must Fight a Butler in A Baloon",2006,2.99,PG,Mike,Hillyer,"47 MySakila Drive",Lethbridge,Alberta
846,185,1,"COWBOY DOOM","A Astounding Drama of a Boy And a Lumberjack who must Fight a Butler in A Baloon",2006,2.99,PG,Mike,Hillyer,"47 MySakila Drive",Lethbridge,Alberta
847,186,1,"CRAFT OUTFIELD","A Lacklusture Display of a Explorer And a Hunter who must Succumb a Database Administrator in A Baloon Factory",2006,0.99,NC-17,Mike,Hillyer,"47 MySakila Drive",Lethbridge,Alberta
848,186,1,"CRAFT OUTFIELD","A Lacklusture Display of a Explorer And a Hunter who must Succumb a Database Administrator in A Baloon Factory",2006,0.99,NC-17,Mike,Hillyer,"47 MySakila Drive",Lethbridge,Alberta
854,188,1,"CRAZY HOME","A Fanciful Panorama of a Boy And a Woman who must Vanquish a Database Administrator in The Outback",2006,2.99,PG,Mike,Hillyer,"47 MySakila Drive",Lethbridge,Alberta
855,188,1,"CRAZY HOME","A Fanciful Panorama of a Boy And a Woman who must Vanquish a Database Administrator in The Outback",2006,2.99,PG,Mike,Hillyer,"47 MySakila Drive",Lethbridge,Alberta
856,188,1,"CRAZY HOME","A Fanciful Panorama of a Boy And a Woman who must Vanquish a Database Administrator in The Outback",2006,2.99,PG,Mike,Hillyer,"47 MySakila Drive",Lethbridge,Alberta
857,189,1,"CREATURES SHAKESPEARE","A Emotional Drama of a Womanizer And a Squirrel who must Vanquish a Crocodile in Ancient India",2006,0.99,NC-17,Mike,Hillyer,"47 MySakila Drive",Lethbridge,Alberta
858,189,1,"CREATURES SHAKESPEARE","A Emotional Drama of a Womanizer And a Squirrel who must Vanquish a Crocodile in Ancient India",2006,0.99,NC-17,Mike,Hillyer,"47 MySakila Drive",Lethbridge,Alberta
867,191,1,"CROOKED FROGMEN","A Unbelieveable Drama of a Hunter And a Database Administrator who must Battle a Crocodile in An Abandoned Amusement Park",2006,0.99,PG-13,Mike,Hillyer,"47 MySakila Drive",Lethbridge,Alberta
868,191,1,"CROOKED FROGMEN","A Unbelieveable Drama of a Hunter And a Database Administrator who must Battle a Crocodile in An Abandoned Amusement Park",2006,0.99,PG-13,Mike,Hillyer,"47 MySakila Drive",Lethbridge,Alberta
869,191,1,"CROOKED FROGMEN","A Unbelieveable Drama of a Hunter And a Database Administrator who must Battle a Crocodile in An Abandoned Amusement Park",2006,0.99,PG-13,Mike,Hillyer,"47 MySakila Drive",Lethbridge,Alberta
873,193,1,"CROSSROADS CASUALTIES","A Intrepid Documentary of a Sumo Wrestler And a Astronaut who must Battle a Composer in The Outback",2006,2.99,G,Mike,Hillyer,"47 MySakila Drive",Lethbridge,Alberta
874,193,1,"CROSSROADS CASUALTIES","A Intrepid Documentary of a Sumo Wrestler And a Astronaut who must Battle a Composer in The Outback",2006,2.99,G,Mike,Hillyer,"47 MySakila Drive",Lethbridge,Alberta
875,193,1,"CROSSROADS CASUALTIES","A Intrepid Documentary of a Sumo Wrestler And a Astronaut who must Battle a Composer in The Outback",2006,2.99,G,Mike,Hillyer,"47 MySakila Drive",Lethbridge,Alberta
876,193,1,"CROSSROADS CASUALTIES","A Intrepid Documentary of a Sumo Wrestler And a Astronaut who must Battle a Composer in The Outback",2006,2.99,G,Mike,Hillyer,"47 MySakila Drive",Lethbridge,Alberta
881,194,1,"CROW GREASE","A Awe-Inspiring Documentary of a Woman And a Husband who must Sink a Database Administrator in The First Manned Space Station",2006,0.99,PG,Mike,Hillyer,"47 MySakila Drive",Lethbridge,Alberta
882,194,1,"CROW GREASE","A Awe-Inspiring Documentary of a Woman And a Husband who must Sink a Database Administrator in The First Manned Space Station",2006,0.99,PG,Mike,Hillyer,"47 MySakila Drive",Lethbridge,Alberta
885,196,1,"CRUELTY UNFORGIVEN","A Brilliant Tale of a Car And a Moose who must Battle a Dentist in Nigeria",2006,0.99,G,Mike,Hillyer,"47 MySakila Drive",Lethbridge,Alberta
886,196,1,"CRUELTY UNFORGIVEN","A Brilliant Tale of a Car And a Moose who must Battle a Dentist in Nigeria",2006,0.99,G,Mike,Hillyer,"47 MySakila Drive",Lethbridge,Alberta
887,197,1,"CRUSADE HONEY","A Fast-Paced Reflection of a Explorer And a Butler who must Battle a Madman in An Abandoned Amusement Park",2006,2.99,R,Mike,Hillyer,"47 MySakila Drive",Lethbridge,Alberta
888,197,1,"CRUSADE HONEY","A Fast-Paced Reflection of a Explorer And a Butler who must Battle a Madman in An Abandoned Amusement Park",2006,2.99,R,Mike,Hillyer,"47 MySakila Drive",Lethbridge,Alberta
889,199,1,"CUPBOARD SINNERS","A Emotional Reflection of a Frisbee And a Boat who must Reach a Pastry Chef in An Abandoned Amusement Park",2006,2.99,R,Mike,Hillyer,"47 MySakila Drive",Lethbridge,Alberta
890,199,1,"CUPBOARD SINNERS","A Emotional Reflection of a Frisbee And a Boat who must Reach a Pastry Chef in An Abandoned Amusement Park",2006,2.99,R,Mike,Hillyer,"47 MySakila Drive",Lethbridge,Alberta
891,199,1,"CUPBOARD SINNERS","A Emotional Reflection of a Frisbee And a Boat who must Reach a Pastry Chef in An Abandoned Amusement Park",2006,2.99,R,Mike,Hillyer,"47 MySakila Drive",Lethbridge,Alberta
892,199,1,"CUPBOARD SINNERS","A Emotional Reflection of a Frisbee And a Boat who must Reach a Pastry Chef in An Abandoned Amusement Park",2006,2.99,R,Mike,Hillyer,"47 MySakila Drive",Lethbridge,Alberta
897,200,1,"CURTAIN VIDEOTAPE","A Boring Reflection of a Dentist And a Mad Cow who must Chase a Secret Agent in A Shark Tank",2006,0.99,PG-13,Mike,Hillyer,"47 MySakila Drive",Lethbridge,Alberta
898,200,1,"CURTAIN VIDEOTAPE","A Boring Reflection of a Dentist And a Mad Cow who must Chase a Secret Agent in A Shark Tank",2006,0.99,PG-13,Mike,Hillyer,"47 MySakila Drive",Lethbridge,Alberta
899,200,1,"CURTAIN VIDEOTAPE","A Boring Reflection of a Dentist And a Mad Cow who must Chase a Secret Agent in A Shark Tank",2006,0.99,PG-13,Mike,Hillyer,"47 MySakila Drive",Lethbridge,Alberta
900,200,1,"CURTAIN VIDEOTAPE","A Boring Reflection of a Dentist And a Mad Cow who must Chase a Secret Agent in A Shark Tank",2006,0.99,PG-13,Mike,Hillyer,"47 MySakila Drive",Lethbridge,Alberta
905,201,1,"CYCLONE FAMILY","A Lacklusture Drama of a Student And a Monkey who must Sink a Womanizer in A MySQL Convention",2006,2.99,PG,Mike,Hillyer,"47 MySakila Drive",Lethbridge,Alberta
906,201,1,"CYCLONE FAMILY","A Lacklusture Drama of a Student And a Monkey who must Sink a Womanizer in A MySQL Convention",2006,2.99,PG,Mike,Hillyer,"47 MySakila Drive",Lethbridge,Alberta
907,201,1,"CYCLONE FAMILY","A Lacklusture Drama of a Student And a Monkey who must Sink a Womanizer in A MySQL Convention",2006,2.99,PG,Mike,Hillyer,"47 MySakila Drive",Lethbridge,Alberta
908,201,1,"CYCLONE FAMILY","A Lacklusture Drama of a Student And a Monkey who must Sink a Womanizer in A MySQL Convention",2006,2.99,PG,Mike,Hillyer,"47 MySakila Drive",Lethbridge,Alberta
909,202,1,"DADDY PITTSBURGH","A Epic Story of a A Shark And a Student who must Confront a Explorer in The Gulf of Mexico",2006,4.99,G,Mike,Hillyer,"47 MySakila Drive",Lethbridge,Alberta
910,202,1,"DADDY PITTSBURGH","A Epic Story of a A Shark And a Student who must Confront a Explorer in The Gulf of Mexico",2006,4.99,G,Mike,Hillyer,"47 MySakila Drive",Lethbridge,Alberta
911,202,1,"DADDY PITTSBURGH","A Epic Story of a A Shark And a Student who must Confront a Explorer in The Gulf of Mexico",2006,4.99,G,Mike,Hillyer,"47 MySakila Drive",Lethbridge,Alberta
916,204,1,"DALMATIONS SWEDEN","A Emotional Epistle of a Moose And a Hunter who must Overcome a Robot in A Manhattan Penthouse",2006,0.99,PG,Mike,Hillyer,"47 MySakila Drive",Lethbridge,Alberta
917,204,1,"DALMATIONS SWEDEN","A Emotional Epistle of a Moose And a Hunter who must Overcome a Robot in A Manhattan Penthouse",2006,0.99,PG,Mike,Hillyer,"47 MySakila Drive",Lethbridge,Alberta
918,204,1,"DALMATIONS SWEDEN","A Emotional Epistle of a Moose And a Hunter who must Overcome a Robot in A Manhattan Penthouse",2006,0.99,PG,Mike,Hillyer,"47 MySakila Drive",Lethbridge,Alberta
919,204,1,"DALMATIONS SWEDEN","A Emotional Epistle of a Moose And a Hunter who must Overcome a Robot in A Manhattan Penthouse",2006,0.99,PG,Mike,Hillyer,"47 MySakila Drive",Lethbridge,Alberta
922,205,1,"DANCES NONE","A Insightful Reflection of a A Shark And a Dog who must Kill a Butler in An Abandoned Amusement Park",2006,0.99,NC-17,Mike,Hillyer,"47 MySakila Drive",Lethbridge,Alberta
923,205,1,"DANCES NONE","A Insightful Reflection of a A Shark And a Dog who must Kill a Butler in An Abandoned Amusement Park",2006,0.99,NC-17,Mike,Hillyer,"47 MySakila Drive",Lethbridge,Alberta
924,205,1,"DANCES NONE","A Insightful Reflection of a A Shark And a Dog who must Kill a Butler in An Abandoned Amusement Park",2006,0.99,NC-17,Mike,Hillyer,"47 MySakila Drive",Lethbridge,Alberta
925,205,1,"DANCES NONE","A Insightful Reflection of a A Shark And a Dog who must Kill a Butler in An Abandoned Amusement Park",2006,0.99,NC-17,Mike,Hillyer,"47 MySakila Drive",Lethbridge,Alberta
926,206,1,"DANCING FEVER","A Stunning Story of a Explorer And a Forensic Psychologist who must Face a Crocodile in A Shark Tank",2006,0.99,G,Mike,Hillyer,"47 MySakila Drive",Lethbridge,Alberta
927,206,1,"DANCING FEVER","A Stunning Story of a Explorer And a Forensic Psychologist who must Face a Crocodile in A Shark Tank",2006,0.99,G,Mike,Hillyer,"47 MySakila Drive",Lethbridge,Alberta
928,206,1,"DANCING FEVER","A Stunning Story of a Explorer And a Forensic Psychologist who must Face a Crocodile in A Shark Tank",2006,0.99,G,Mike,Hillyer,"47 MySakila Drive",Lethbridge,Alberta
929,206,1,"DANCING FEVER","A Stunning Story of a Explorer And a Forensic Psychologist who must Face a Crocodile in A Shark Tank",2006,0.99,G,Mike,Hillyer,"47 MySakila Drive",Lethbridge,Alberta
934,207,1,"DANGEROUS UPTOWN","A Unbelieveable Story of a Mad Scientist And a Woman who must Overcome a Dog in California",2006,4.99,PG,Mike,Hillyer,"47 MySakila Drive",Lethbridge,Alberta
935,207,1,"DANGEROUS UPTOWN","A Unbelieveable Story of a Mad Scientist And a Woman who must Overcome a Dog in California",2006,4.99,PG,Mike,Hillyer,"47 MySakila Drive",Lethbridge,Alberta
936,207,1,"DANGEROUS UPTOWN","A Unbelieveable Story of a Mad Scientist And a Woman who must Overcome a Dog in California",2006,4.99,PG,Mike,Hillyer,"47 MySakila Drive",Lethbridge,Alberta
937,207,1,"DANGEROUS UPTOWN","A Unbelieveable Story of a Mad Scientist And a Woman who must Overcome a Dog in California",2006,4.99,PG,Mike,Hillyer,"47 MySakila Drive",Lethbridge,Alberta
938,208,1,"DARES PLUTO","A Fateful Story of a Robot And a Dentist who must Defeat a Astronaut in New Orleans",2006,2.99,PG-13,Mike,Hillyer,"47 MySakila Drive",Lethbridge,Alberta
939,208,1,"DARES PLUTO","A Fateful Story of a Robot And a Dentist who must Defeat a Astronaut in New Orleans",2006,2.99,PG-13,Mike,Hillyer,"47 MySakila Drive",Lethbridge,Alberta
940,208,1,"DARES PLUTO","A Fateful Story of a Robot And a Dentist who must Defeat a Astronaut in New Orleans",2006,2.99,PG-13,Mike,Hillyer,"47 MySakila Drive",Lethbridge,Alberta
941,209,1,"DARKNESS WAR","A Touching Documentary of a Husband And a Hunter who must Escape a Boy in The Sahara Desert",2006,2.99,NC-17,Mike,Hillyer,"47 MySakila Drive",Lethbridge,Alberta
942,209,1,"DARKNESS WAR","A Touching Documentary of a Husband And a Hunter who must Escape a Boy in The Sahara Desert",2006,2.99,NC-17,Mike,Hillyer,"47 MySakila Drive",Lethbridge,Alberta
943,209,1,"DARKNESS WAR","A Touching Documentary of a Husband And a Hunter who must Escape a Boy in The Sahara Desert",2006,2.99,NC-17,Mike,Hillyer,"47 MySakila Drive",Lethbridge,Alberta
944,209,1,"DARKNESS WAR","A Touching Documentary of a Husband And a Hunter who must Escape a Boy in The Sahara Desert",2006,2.99,NC-17,Mike,Hillyer,"47 MySakila Drive",Lethbridge,Alberta
948,211,1,"DARLING BREAKING","A Brilliant Documentary of a Astronaut And a Squirrel who must Succumb a Student in The Gulf of Mexico",2006,4.99,PG-13,Mike,Hillyer,"47 MySakila Drive",Lethbridge,Alberta
949,211,1,"DARLING BREAKING","A Brilliant Documentary of a Astronaut And a Squirrel who must Succumb a Student in The Gulf of Mexico",2006,4.99,PG-13,Mike,Hillyer,"47 MySakila Drive",Lethbridge,Alberta
950,212,1,"DARN FORRESTER","A Fateful Story of a A Shark And a Explorer who must Succumb a Technical Writer in A Jet Boat",2006,4.99,G,Mike,Hillyer,"47 MySakila Drive",Lethbridge,Alberta
951,212,1,"DARN FORRESTER","A Fateful Story of a A Shark And a Explorer who must Succumb a Technical Writer in A Jet Boat",2006,4.99,G,Mike,Hillyer,"47 MySakila Drive",Lethbridge,Alberta
952,212,1,"DARN FORRESTER","A Fateful Story of a A Shark And a Explorer who must Succumb a Technical Writer in A Jet Boat",2006,4.99,G,Mike,Hillyer,"47 MySakila Drive",Lethbridge,Alberta
955,213,1,"DATE SPEED","A Touching Saga of a Composer And a Moose who must Discover a Dentist in A MySQL Convention",2006,0.99,R,Mike,Hillyer,"47 MySakila Drive",Lethbridge,Alberta
956,213,1,"DATE SPEED","A Touching Saga of a Composer And a Moose who must Discover a Dentist in A MySQL Convention",2006,0.99,R,Mike,Hillyer,"47 MySakila Drive",Lethbridge,Alberta
957,213,1,"DATE SPEED","A Touching Saga of a Composer And a Moose who must Discover a Dentist in A MySQL Convention",2006,0.99,R,Mike,Hillyer,"47 MySakila Drive",Lethbridge,Alberta
958,213,1,"DATE SPEED","A Touching Saga of a Composer And a Moose who must Discover a Dentist in A MySQL Convention",2006,0.99,R,Mike,Hillyer,"47 MySakila Drive",Lethbridge,Alberta
963,215,1,"DAWN POND","A Thoughtful Documentary of a Dentist And a Forensic Psychologist who must Defeat a Waitress in Berlin",2006,4.99,PG,Mike,Hillyer,"47 MySakila Drive",Lethbridge,Alberta
964,215,1,"DAWN POND","A Thoughtful Documentary of a Dentist And a Forensic Psychologist who must Defeat a Waitress in Berlin",2006,4.99,PG,Mike,Hillyer,"47 MySakila Drive",Lethbridge,Alberta
965,215,1,"DAWN POND","A Thoughtful Documentary of a Dentist And a Forensic Psychologist who must Defeat a Waitress in Berlin",2006,4.99,PG,Mike,Hillyer,"47 MySakila Drive",Lethbridge,Alberta
969,216,1,"DAY UNFAITHFUL","A Stunning Documentary of a Composer And a Mad Scientist who must Find a Technical Writer in A U-Boat",2006,4.99,G,Mike,Hillyer,"47 MySakila Drive",Lethbridge,Alberta
970,216,1,"DAY UNFAITHFUL","A Stunning Documentary of a Composer And a Mad Scientist who must Find a Technical Writer in A U-Boat",2006,4.99,G,Mike,Hillyer,"47 MySakila Drive",Lethbridge,Alberta
974,218,1,"DECEIVER BETRAYED","A Taut Story of a Moose And a Squirrel who must Build a Husband in Ancient India",2006,0.99,NC-17,Mike,Hillyer,"47 MySakila Drive",Lethbridge,Alberta
975,218,1,"DECEIVER BETRAYED","A Taut Story of a Moose And a Squirrel who must Build a Husband in Ancient India",2006,0.99,NC-17,Mike,Hillyer,"47 MySakila Drive",Lethbridge,Alberta
976,218,1,"DECEIVER BETRAYED","A Taut Story of a Moose And a Squirrel who must Build a Husband in Ancient India",2006,0.99,NC-17,Mike,Hillyer,"47 MySakila Drive",Lethbridge,Alberta
977,218,1,"DECEIVER BETRAYED","A Taut Story of a Moose And a Squirrel who must Build a Husband in Ancient India",2006,0.99,NC-17,Mike,Hillyer,"47 MySakila Drive",Lethbridge,Alberta
981,219,1,"DEEP CRUSADE","A Amazing Tale of a Crocodile And a Squirrel who must Discover a Composer in Australia",2006,4.99,PG-13,Mike,Hillyer,"47 MySakila Drive",Lethbridge,Alberta
982,219,1,"DEEP CRUSADE","A Amazing Tale of a Crocodile And a Squirrel who must Discover a Composer in Australia",2006,4.99,PG-13,Mike,Hillyer,"47 MySakila Drive",Lethbridge,Alberta
983,219,1,"DEEP CRUSADE","A Amazing Tale of a Crocodile And a Squirrel who must Discover a Composer in Australia",2006,4.99,PG-13,Mike,Hillyer,"47 MySakila Drive",Lethbridge,Alberta
984,219,1,"DEEP CRUSADE","A Amazing Tale of a Crocodile And a Squirrel who must Discover a Composer in Australia",2006,4.99,PG-13,Mike,Hillyer,"47 MySakila Drive",Lethbridge,Alberta
985,220,1,"DEER VIRGINIAN","A Thoughtful Story of a Mad Cow And a Womanizer who must Overcome a Mad Scientist in Soviet Georgia",2006,2.99,NC-17,Mike,Hillyer,"47 MySakila Drive",Lethbridge,Alberta
986,220,1,"DEER VIRGINIAN","A Thoughtful Story of a Mad Cow And a Womanizer who must Overcome a Mad Scientist in Soviet Georgia",2006,2.99,NC-17,Mike,Hillyer,"47 MySakila Drive",Lethbridge,Alberta
987,220,1,"DEER VIRGINIAN","A Thoughtful Story of a Mad Cow And a Womanizer who must Overcome a Mad Scientist in Soviet Georgia",2006,2.99,NC-17,Mike,Hillyer,"47 MySakila Drive",Lethbridge,Alberta
988,220,1,"DEER VIRGINIAN","A Thoughtful Story of a Mad Cow And a Womanizer who must Overcome a Mad Scientist in Soviet Georgia",2006,2.99,NC-17,Mike,Hillyer,"47 MySakila Drive",Lethbridge,Alberta
993,222,1,"DESERT POSEIDON","A Brilliant Documentary of a Butler And a Frisbee who must Build a Astronaut in New Orleans",2006,4.99,R,Mike,Hillyer,"47 MySakila Drive",Lethbridge,Alberta
994,222,1,"DESERT POSEIDON","A Brilliant Documentary of a Butler And a Frisbee who must Build a Astronaut in New Orleans",2006,4.99,R,Mike,Hillyer,"47 MySakila Drive",Lethbridge,Alberta
1001,224,1,"DESPERATE TRAINSPOTTING","A Epic Yarn of a Forensic Psychologist And a Teacher who must Face a Lumberjack in California",2006,4.99,G,Mike,Hillyer,"47 MySakila Drive",Lethbridge,Alberta
1002,224,1,"DESPERATE TRAINSPOTTING","A Epic Yarn of a Forensic Psychologist And a Teacher who must Face a Lumberjack in California",2006,4.99,G,Mike,Hillyer,"47 MySakila Drive",Lethbridge,Alberta
1003,225,1,"DESTINATION JERK","A Beautiful Yarn of a Teacher And a Cat who must Build a Car in A U-Boat",2006,0.99,PG-13,Mike,Hillyer,"47 MySakila Drive",Lethbridge,Alberta
1004,225,1,"DESTINATION JERK","A Beautiful Yarn of a Teacher And a Cat who must Build a Car in A U-Boat",2006,0.99,PG-13,Mike,Hillyer,"47 MySakila Drive",Lethbridge,Alberta
1005,225,1,"DESTINATION JERK","A Beautiful Yarn of a Teacher And a Cat who must Build a Car in A U-Boat",2006,0.99,PG-13,Mike,Hillyer,"47 MySakila Drive",Lethbridge,Alberta
1006,226,1,"DESTINY SATURDAY","A Touching Drama of a Crocodile And a Crocodile who must Conquer a Explorer in Soviet Georgia",2006,4.99,G,Mike,Hillyer,"47 MySakila Drive",Lethbridge,Alberta
1007,226,1,"DESTINY SATURDAY","A Touching Drama of a Crocodile And a Crocodile who must Conquer a Explorer in Soviet Georgia",2006,4.99,G,Mike,Hillyer,"47 MySakila Drive",Lethbridge,Alberta
1011,227,1,"DETAILS PACKER","A Epic Saga of a Waitress And a Composer who must Face a Boat in A U-Boat",2006,4.99,R,Mike,Hillyer,"47 MySakila Drive",Lethbridge,Alberta
1012,227,1,"DETAILS PACKER","A Epic Saga of a Waitress And a Composer who must Face a Boat in A U-Boat",2006,4.99,R,Mike,Hillyer,"47 MySakila Drive",Lethbridge,Alberta
1013,227,1,"DETAILS PACKER","A Epic Saga of a Waitress And a Composer who must Face a Boat in A U-Boat",2006,4.99,R,Mike,Hillyer,"47 MySakila Drive",Lethbridge,Alberta
1016,228,1,"DETECTIVE VISION","A Fanciful Documentary of a Pioneer And a Woman who must Redeem a Hunter in Ancient Japan",2006,0.99,PG-13,Mike,Hillyer,"47 MySakila Drive",Lethbridge,Alberta
1017,228,1,"DETECTIVE VISION","A Fanciful Documentary of a Pioneer And a Woman who must Redeem a Hunter in Ancient Japan",2006,0.99,PG-13,Mike,Hillyer,"47 MySakila Drive",Lethbridge,Alberta
1018,228,1,"DETECTIVE VISION","A Fanciful Documentary of a Pioneer And a Woman who must Redeem a Hunter in Ancient Japan",2006,0.99,PG-13,Mike,Hillyer,"47 MySakila Drive",Lethbridge,Alberta
1023,229,1,"DEVIL DESIRE","A Beautiful Reflection of a Monkey And a Dentist who must Face a Database Administrator in Ancient Japan",2006,4.99,R,Mike,Hillyer,"47 MySakila Drive",Lethbridge,Alberta
1024,229,1,"DEVIL DESIRE","A Beautiful Reflection of a Monkey And a Dentist who must Face a Database Administrator in Ancient Japan",2006,4.99,R,Mike,Hillyer,"47 MySakila Drive",Lethbridge,Alberta
1027,230,1,"DIARY PANIC","A Thoughtful Character Study of a Frisbee And a Mad Cow who must Outgun a Man in Ancient India",2006,2.99,G,Mike,Hillyer,"47 MySakila Drive",Lethbridge,Alberta
1028,230,1,"DIARY PANIC","A Thoughtful Character Study of a Frisbee And a Mad Cow who must Outgun a Man in Ancient India",2006,2.99,G,Mike,Hillyer,"47 MySakila Drive",Lethbridge,Alberta
1029,231,1,"DINOSAUR SECRETARY","A Action-Packed Drama of a Feminist And a Girl who must Reach a Robot in The Canadian Rockies",2006,2.99,R,Mike,Hillyer,"47 MySakila Drive",Lethbridge,Alberta
1030,231,1,"DINOSAUR SECRETARY","A Action-Packed Drama of a Feminist And a Girl who must Reach a Robot in The Canadian Rockies",2006,2.99,R,Mike,Hillyer,"47 MySakila Drive",Lethbridge,Alberta
1031,231,1,"DINOSAUR SECRETARY","A Action-Packed Drama of a Feminist And a Girl who must Reach a Robot in The Canadian Rockies",2006,2.99,R,Mike,Hillyer,"47 MySakila Drive",Lethbridge,Alberta
1032,231,1,"DINOSAUR SECRETARY","A Action-Packed Drama of a Feminist And a Girl who must Reach a Robot in The Canadian Rockies",2006,2.99,R,Mike,Hillyer,"47 MySakila Drive",Lethbridge,Alberta
1037,232,1,"DIRTY ACE","A Action-Packed Character Study of a Forensic Psychologist And a Girl who must Build a Dentist in The Outback",2006,2.99,NC-17,Mike,Hillyer,"47 MySakila Drive",Lethbridge,Alberta
1038,232,1,"DIRTY ACE","A Action-Packed Character Study of a Forensic Psychologist And a Girl who must Build a Dentist in The Outback",2006,2.99,NC-17,Mike,Hillyer,"47 MySakila Drive",Lethbridge,Alberta
1039,232,1,"DIRTY ACE","A Action-Packed Character Study of a Forensic Psychologist And a Girl who must Build a Dentist in The Outback",2006,2.99,NC-17,Mike,Hillyer,"47 MySakila Drive",Lethbridge,Alberta
1042,233,1,"DISCIPLE MOTHER","A Touching Reflection of a Mad Scientist And a Boat who must Face a Moose in A Shark Tank",2006,0.99,PG,Mike,Hillyer,"47 MySakila Drive",Lethbridge,Alberta
1043,233,1,"DISCIPLE MOTHER","A Touching Reflection of a Mad Scientist And a Boat who must Face a Moose in A Shark Tank",2006,0.99,PG,Mike,Hillyer,"47 MySakila Drive",Lethbridge,Alberta
1044,233,1,"DISCIPLE MOTHER","A Touching Reflection of a Mad Scientist And a Boat who must Face a Moose in A Shark Tank",2006,0.99,PG,Mike,Hillyer,"47 MySakila Drive",Lethbridge,Alberta
1045,233,1,"DISCIPLE MOTHER","A Touching Reflection of a Mad Scientist And a Boat who must Face a Moose in A Shark Tank",2006,0.99,PG,Mike,Hillyer,"47 MySakila Drive",Lethbridge,Alberta
1048,234,1,"DISTURBING SCARFACE","A Lacklusture Display of a Crocodile And a Butler who must Overcome a Monkey in A U-Boat",2006,2.99,R,Mike,Hillyer,"47 MySakila Drive",Lethbridge,Alberta
1049,234,1,"DISTURBING SCARFACE","A Lacklusture Display of a Crocodile And a Butler who must Overcome a Monkey in A U-Boat",2006,2.99,R,Mike,Hillyer,"47 MySakila Drive",Lethbridge,Alberta
1050,234,1,"DISTURBING SCARFACE","A Lacklusture Display of a Crocodile And a Butler who must Overcome a Monkey in A U-Boat",2006,2.99,R,Mike,Hillyer,"47 MySakila Drive",Lethbridge,Alberta
1051,234,1,"DISTURBING SCARFACE","A Lacklusture Display of a Crocodile And a Butler who must Overcome a Monkey in A U-Boat",2006,2.99,R,Mike,Hillyer,"47 MySakila Drive",Lethbridge,Alberta
1055,235,1,"DIVIDE MONSTER","A Intrepid Saga of a Man And a Forensic Psychologist who must Reach a Squirrel in A Monastery",2006,2.99,PG-13,Mike,Hillyer,"47 MySakila Drive",Lethbridge,Alberta
1056,235,1,"DIVIDE MONSTER","A Intrepid Saga of a Man And a Forensic Psychologist who must Reach a Squirrel in A Monastery",2006,2.99,PG-13,Mike,Hillyer,"47 MySakila Drive",Lethbridge,Alberta
1065,237,1,"DIVORCE SHINING","A Unbelieveable Saga of a Crocodile And a Student who must Discover a Cat in Ancient India",2006,2.99,G,Mike,Hillyer,"47 MySakila Drive",Lethbridge,Alberta
1066,237,1,"DIVORCE SHINING","A Unbelieveable Saga of a Crocodile And a Student who must Discover a Cat in Ancient India",2006,2.99,G,Mike,Hillyer,"47 MySakila Drive",Lethbridge,Alberta
1067,238,1,"DOCTOR GRAIL","A Insightful Drama of a Womanizer And a Waitress who must Reach a Forensic Psychologist in The Outback",2006,2.99,G,Mike,Hillyer,"47 MySakila Drive",Lethbridge,Alberta
1068,238,1,"DOCTOR GRAIL","A Insightful Drama of a Womanizer And a Waitress who must Reach a Forensic Psychologist in The Outback",2006,2.99,G,Mike,Hillyer,"47 MySakila Drive",Lethbridge,Alberta
1069,239,1,"DOGMA FAMILY","A Brilliant Character Study of a Database Administrator And a Monkey who must Succumb a Astronaut in New Orleans",2006,4.99,G,Mike,Hillyer,"47 MySakila Drive",Lethbridge,Alberta
1070,239,1,"DOGMA FAMILY","A Brilliant Character Study of a Database Administrator And a Monkey who must Succumb a Astronaut in New Orleans",2006,4.99,G,Mike,Hillyer,"47 MySakila Drive",Lethbridge,Alberta
1071,239,1,"DOGMA FAMILY","A Brilliant Character Study of a Database Administrator And a Monkey who must Succumb a Astronaut in New Orleans",2006,4.99,G,Mike,Hillyer,"47 MySakila Drive",Lethbridge,Alberta
1072,239,1,"DOGMA FAMILY","A Brilliant Character Study of a Database Administrator And a Monkey who must Succumb a Astronaut in New Orleans",2006,4.99,G,Mike,Hillyer,"47 MySakila Drive",Lethbridge,Alberta
1080,241,1,"DONNIE ALLEY","A Awe-Inspiring Tale of a Butler And a Frisbee who must Vanquish a Teacher in Ancient Japan",2006,0.99,NC-17,Mike,Hillyer,"47 MySakila Drive",Lethbridge,Alberta
1081,241,1,"DONNIE ALLEY","A Awe-Inspiring Tale of a Butler And a Frisbee who must Vanquish a Teacher in Ancient Japan",2006,0.99,NC-17,Mike,Hillyer,"47 MySakila Drive",Lethbridge,Alberta
1082,241,1,"DONNIE ALLEY","A Awe-Inspiring Tale of a Butler And a Frisbee who must Vanquish a Teacher in Ancient Japan",2006,0.99,NC-17,Mike,Hillyer,"47 MySakila Drive",Lethbridge,Alberta
1083,241,1,"DONNIE ALLEY","A Awe-Inspiring Tale of a Butler And a Frisbee who must Vanquish a Teacher in Ancient Japan",2006,0.99,NC-17,Mike,Hillyer,"47 MySakila Drive",Lethbridge,Alberta
1084,242,1,"DOOM DANCING","A Astounding Panorama of a Car And a Mad Scientist who must Battle a Lumberjack in A MySQL Convention",2006,0.99,R,Mike,Hillyer,"47 MySakila Drive",Lethbridge,Alberta
1085,242,1,"DOOM DANCING","A Astounding Panorama of a Car And a Mad Scientist who must Battle a Lumberjack in A MySQL Convention",2006,0.99,R,Mike,Hillyer,"47 MySakila Drive",Lethbridge,Alberta
1089,243,1,"DOORS PRESIDENT","A Awe-Inspiring Display of a Squirrel And a Woman who must Overcome a Boy in The Gulf of Mexico",2006,4.99,NC-17,Mike,Hillyer,"47 MySakila Drive",Lethbridge,Alberta
1090,243,1,"DOORS PRESIDENT","A Awe-Inspiring Display of a Squirrel And a Woman who must Overcome a Boy in The Gulf of Mexico",2006,4.99,NC-17,Mike,Hillyer,"47 MySakila Drive",Lethbridge,Alberta
1095,244,1,"DORADO NOTTING","A Action-Packed Tale of a Sumo Wrestler And a A Shark who must Meet a Frisbee in California",2006,4.99,NC-17,Mike,Hillyer,"47 MySakila Drive",Lethbridge,Alberta
1096,244,1,"DORADO NOTTING","A Action-Packed Tale of a Sumo Wrestler And a A Shark who must Meet a Frisbee in California",2006,4.99,NC-17,Mike,Hillyer,"47 MySakila Drive",Lethbridge,Alberta
1097,244,1,"DORADO NOTTING","A Action-Packed Tale of a Sumo Wrestler And a A Shark who must Meet a Frisbee in California",2006,4.99,NC-17,Mike,Hillyer,"47 MySakila Drive",Lethbridge,Alberta
1098,244,1,"DORADO NOTTING","A Action-Packed Tale of a Sumo Wrestler And a A Shark who must Meet a Frisbee in California",2006,4.99,NC-17,Mike,Hillyer,"47 MySakila Drive",Lethbridge,Alberta
1102,245,1,"DOUBLE WRATH","A Thoughtful Yarn of a Womanizer And a Dog who must Challenge a Madman in The Gulf of Mexico",2006,0.99,R,Mike,Hillyer,"47 MySakila Drive",Lethbridge,Alberta
1103,245,1,"DOUBLE WRATH","A Thoughtful Yarn of a Womanizer And a Dog who must Challenge a Madman in The Gulf of Mexico",2006,0.99,R,Mike,Hillyer,"47 MySakila Drive",Lethbridge,Alberta
1104,245,1,"DOUBLE WRATH","A Thoughtful Yarn of a Womanizer And a Dog who must Challenge a Madman in The Gulf of Mexico",2006,0.99,R,Mike,Hillyer,"47 MySakila Drive",Lethbridge,Alberta
1112,247,1,"DOWNHILL ENOUGH","A Emotional Tale of a Pastry Chef And a Forensic Psychologist who must Succumb a Monkey in The Sahara Desert",2006,0.99,G,Mike,Hillyer,"47 MySakila Drive",Lethbridge,Alberta
1113,247,1,"DOWNHILL ENOUGH","A Emotional Tale of a Pastry Chef And a Forensic Psychologist who must Succumb a Monkey in The Sahara Desert",2006,0.99,G,Mike,Hillyer,"47 MySakila Drive",Lethbridge,Alberta
1114,247,1,"DOWNHILL ENOUGH","A Emotional Tale of a Pastry Chef And a Forensic Psychologist who must Succumb a Monkey in The Sahara Desert",2006,0.99,G,Mike,Hillyer,"47 MySakila Drive",Lethbridge,Alberta
1121,249,1,"DRACULA CRYSTAL","A Thrilling Reflection of a Feminist And a Cat who must Find a Frisbee in An Abandoned Fun House",2006,0.99,G,Mike,Hillyer,"47 MySakila Drive",Lethbridge,Alberta
1122,249,1,"DRACULA CRYSTAL","A Thrilling Reflection of a Feminist And a Cat who must Find a Frisbee in An Abandoned Fun House",2006,0.99,G,Mike,Hillyer,"47 MySakila Drive",Lethbridge,Alberta
1131,251,1,"DRAGONFLY STRANGERS","A Boring Documentary of a Pioneer And a Man who must Vanquish a Man in Nigeria",2006,4.99,NC-17,Mike,Hillyer,"47 MySakila Drive",Lethbridge,Alberta
1132,251,1,"DRAGONFLY STRANGERS","A Boring Documentary of a Pioneer And a Man who must Vanquish a Man in Nigeria",2006,4.99,NC-17,Mike,Hillyer,"47 MySakila Drive",Lethbridge,Alberta
1136,252,1,"DREAM PICKUP","A Epic Display of a Car And a Composer who must Overcome a Forensic Psychologist in The Gulf of Mexico",2006,2.99,PG,Mike,Hillyer,"47 MySakila Drive",Lethbridge,Alberta
1137,252,1,"DREAM PICKUP","A Epic Display of a Car And a Composer who must Overcome a Forensic Psychologist in The Gulf of Mexico",2006,2.99,PG,Mike,Hillyer,"47 MySakila Drive",Lethbridge,Alberta
1138,252,1,"DREAM PICKUP","A Epic Display of a Car And a Composer who must Overcome a Forensic Psychologist in The Gulf of Mexico",2006,2.99,PG,Mike,Hillyer,"47 MySakila Drive",Lethbridge,Alberta
1142,253,1,"DRIFTER COMMANDMENTS","A Epic Reflection of a Womanizer And a Squirrel who must Discover a Husband in A Jet Boat",2006,4.99,PG-13,Mike,Hillyer,"47 MySakila Drive",Lethbridge,Alberta
1143,253,1,"DRIFTER COMMANDMENTS","A Epic Reflection of a Womanizer And a Squirrel who must Discover a Husband in A Jet Boat",2006,4.99,PG-13,Mike,Hillyer,"47 MySakila Drive",Lethbridge,Alberta
1144,253,1,"DRIFTER COMMANDMENTS","A Epic Reflection of a Womanizer And a Squirrel who must Discover a Husband in A Jet Boat",2006,4.99,PG-13,Mike,Hillyer,"47 MySakila Drive",Lethbridge,Alberta
1145,253,1,"DRIFTER COMMANDMENTS","A Epic Reflection of a Womanizer And a Squirrel who must Discover a Husband in A Jet Boat",2006,4.99,PG-13,Mike,Hillyer,"47 MySakila Drive",Lethbridge,Alberta
1148,254,1,"DRIVER ANNIE","A Lacklusture Character Study of a Butler And a Car who must Redeem a Boat in An Abandoned Fun House",2006,2.99,PG-13,Mike,Hillyer,"47 MySakila Drive",Lethbridge,Alberta
1149,254,1,"DRIVER ANNIE","A Lacklusture Character Study of a Butler And a Car who must Redeem a Boat in An Abandoned Fun House",2006,2.99,PG-13,Mike,Hillyer,"47 MySakila Drive",Lethbridge,Alberta
1153,255,1,"DRIVING POLISH","A Action-Packed Yarn of a Feminist And a Technical Writer who must Sink a Boat in An Abandoned Mine Shaft",2006,4.99,NC-17,Mike,Hillyer,"47 MySakila Drive",Lethbridge,Alberta
1154,255,1,"DRIVING POLISH","A Action-Packed Yarn of a Feminist And a Technical Writer who must Sink a Boat in An Abandoned Mine Shaft",2006,4.99,NC-17,Mike,Hillyer,"47 MySakila Drive",Lethbridge,Alberta
1155,255,1,"DRIVING POLISH","A Action-Packed Yarn of a Feminist And a Technical Writer who must Sink a Boat in An Abandoned Mine Shaft",2006,4.99,NC-17,Mike,Hillyer,"47 MySakila Drive",Lethbridge,Alberta
1156,255,1,"DRIVING POLISH","A Action-Packed Yarn of a Feminist And a Technical Writer who must Sink a Boat in An Abandoned Mine Shaft",2006,4.99,NC-17,Mike,Hillyer,"47 MySakila Drive",Lethbridge,Alberta
1169,259,1,"DUCK RACER","A Lacklusture Yarn of a Teacher And a Squirrel who must Overcome a Dog in A Shark Tank",2006,2.99,NC-17,Mike,Hillyer,"47 MySakila Drive",Lethbridge,Alberta
1170,259,1,"DUCK RACER","A Lacklusture Yarn of a Teacher And a Squirrel who must Overcome a Dog in A Shark Tank",2006,2.99,NC-17,Mike,Hillyer,"47 MySakila Drive",Lethbridge,Alberta
1175,261,1,"DUFFEL APOCALYPSE","A Emotional Display of a Boat And a Explorer who must Challenge a Madman in A MySQL Convention",2006,0.99,G,Mike,Hillyer,"47 MySakila Drive",Lethbridge,Alberta
1176,261,1,"DUFFEL APOCALYPSE","A Emotional Display of a Boat And a Explorer who must Challenge a Madman in A MySQL Convention",2006,0.99,G,Mike,Hillyer,"47 MySakila Drive",Lethbridge,Alberta
1179,263,1,"DURHAM PANKY","A Brilliant Panorama of a Girl And a Boy who must Face a Mad Scientist in An Abandoned Mine Shaft",2006,4.99,R,Mike,Hillyer,"47 MySakila Drive",Lethbridge,Alberta
1180,263,1,"DURHAM PANKY","A Brilliant Panorama of a Girl And a Boy who must Face a Mad Scientist in An Abandoned Mine Shaft",2006,4.99,R,Mike,Hillyer,"47 MySakila Drive",Lethbridge,Alberta
1181,263,1,"DURHAM PANKY","A Brilliant Panorama of a Girl And a Boy who must Face a Mad Scientist in An Abandoned Mine Shaft",2006,4.99,R,Mike,Hillyer,"47 MySakila Drive",Lethbridge,Alberta
1182,263,1,"DURHAM PANKY","A Brilliant Panorama of a Girl And a Boy who must Face a Mad Scientist in An Abandoned Mine Shaft",2006,4.99,R,Mike,Hillyer,"47 MySakila Drive",Lethbridge,Alberta
1188,265,1,"DYING MAKER","A Intrepid Tale of a Boat And a Monkey who must Kill a Cat in California",2006,4.99,PG,Mike,Hillyer,"47 MySakila Drive",Lethbridge,Alberta
1189,265,1,"DYING MAKER","A Intrepid Tale of a Boat And a Monkey who must Kill a Cat in California",2006,4.99,PG,Mike,Hillyer,"47 MySakila Drive",Lethbridge,Alberta
1190,265,1,"DYING MAKER","A Intrepid Tale of a Boat And a Monkey who must Kill a Cat in California",2006,4.99,PG,Mike,Hillyer,"47 MySakila Drive",Lethbridge,Alberta
1191,265,1,"DYING MAKER","A Intrepid Tale of a Boat And a Monkey who must Kill a Cat in California",2006,4.99,PG,Mike,Hillyer,"47 MySakila Drive",Lethbridge,Alberta
1192,266,1,"DYNAMITE TARZAN","A Intrepid Documentary of a Forensic Psychologist And a Mad Scientist who must Face a Explorer in A U-Boat",2006,0.99,PG-13,Mike,Hillyer,"47 MySakila Drive",Lethbridge,Alberta
1193,266,1,"DYNAMITE TARZAN","A Intrepid Documentary of a Forensic Psychologist And a Mad Scientist who must Face a Explorer in A U-Boat",2006,0.99,PG-13,Mike,Hillyer,"47 MySakila Drive",Lethbridge,Alberta
1194,266,1,"DYNAMITE TARZAN","A Intrepid Documentary of a Forensic Psychologist And a Mad Scientist who must Face a Explorer in A U-Boat",2006,0.99,PG-13,Mike,Hillyer,"47 MySakila Drive",Lethbridge,Alberta
1195,266,1,"DYNAMITE TARZAN","A Intrepid Documentary of a Forensic Psychologist And a Mad Scientist who must Face a Explorer in A U-Boat",2006,0.99,PG-13,Mike,Hillyer,"47 MySakila Drive",Lethbridge,Alberta
1200,267,1,"EAGLES PANKY","A Thoughtful Story of a Car And a Boy who must Find a A Shark in The Sahara Desert",2006,4.99,NC-17,Mike,Hillyer,"47 MySakila Drive",Lethbridge,Alberta
1201,267,1,"EAGLES PANKY","A Thoughtful Story of a Car And a Boy who must Find a A Shark in The Sahara Desert",2006,4.99,NC-17,Mike,Hillyer,"47 MySakila Drive",Lethbridge,Alberta
1202,267,1,"EAGLES PANKY","A Thoughtful Story of a Car And a Boy who must Find a A Shark in The Sahara Desert",2006,4.99,NC-17,Mike,Hillyer,"47 MySakila Drive",Lethbridge,Alberta
1203,267,1,"EAGLES PANKY","A Thoughtful Story of a Car And a Boy who must Find a A Shark in The Sahara Desert",2006,4.99,NC-17,Mike,Hillyer,"47 MySakila Drive",Lethbridge,Alberta
1208,269,1,"EARRING INSTINCT","A Stunning Character Study of a Dentist And a Mad Cow who must Find a Teacher in Nigeria",2006,0.99,R,Mike,Hillyer,"47 MySakila Drive",Lethbridge,Alberta
1209,269,1,"EARRING INSTINCT","A Stunning Character Study of a Dentist And a Mad Cow who must Find a Teacher in Nigeria",2006,0.99,R,Mike,Hillyer,"47 MySakila Drive",Lethbridge,Alberta
1214,270,1,"EARTH VISION","A Stunning Drama of a Butler And a Madman who must Outrace a Womanizer in Ancient India",2006,0.99,NC-17,Mike,Hillyer,"47 MySakila Drive",Lethbridge,Alberta
1215,270,1,"EARTH VISION","A Stunning Drama of a Butler And a Madman who must Outrace a Womanizer in Ancient India",2006,0.99,NC-17,Mike,Hillyer,"47 MySakila Drive",Lethbridge,Alberta
1216,270,1,"EARTH VISION","A Stunning Drama of a Butler And a Madman who must Outrace a Womanizer in Ancient India",2006,0.99,NC-17,Mike,Hillyer,"47 MySakila Drive",Lethbridge,Alberta
1221,271,1,"EASY GLADIATOR","A Fateful Story of a Monkey And a Girl who must Overcome a Pastry Chef in Ancient India",2006,4.99,G,Mike,Hillyer,"47 MySakila Drive",Lethbridge,Alberta
1222,271,1,"EASY GLADIATOR","A Fateful Story of a Monkey And a Girl who must Overcome a Pastry Chef in Ancient India",2006,4.99,G,Mike,Hillyer,"47 MySakila Drive",Lethbridge,Alberta
1223,271,1,"EASY GLADIATOR","A Fateful Story of a Monkey And a Girl who must Overcome a Pastry Chef in Ancient India",2006,4.99,G,Mike,Hillyer,"47 MySakila Drive",Lethbridge,Alberta
1226,272,1,"EDGE KISSING","A Beautiful Yarn of a Composer And a Mad Cow who must Redeem a Mad Scientist in A Jet Boat",2006,4.99,NC-17,Mike,Hillyer,"47 MySakila Drive",Lethbridge,Alberta
1227,272,1,"EDGE KISSING","A Beautiful Yarn of a Composer And a Mad Cow who must Redeem a Mad Scientist in A Jet Boat",2006,4.99,NC-17,Mike,Hillyer,"47 MySakila Drive",Lethbridge,Alberta
1228,272,1,"EDGE KISSING","A Beautiful Yarn of a Composer And a Mad Cow who must Redeem a Mad Scientist in A Jet Boat",2006,4.99,NC-17,Mike,Hillyer,"47 MySakila Drive",Lethbridge,Alberta
1229,272,1,"EDGE KISSING","A Beautiful Yarn of a Composer And a Mad Cow who must Redeem a Mad Scientist in A Jet Boat",2006,4.99,NC-17,Mike,Hillyer,"47 MySakila Drive",Lethbridge,Alberta
1230,273,1,"EFFECT GLADIATOR","A Beautiful Display of a Pastry Chef And a Pastry Chef who must Outgun a Forensic Psychologist in A Manhattan Penthouse",2006,0.99,PG,Mike,Hillyer,"47 MySakila Drive",Lethbridge,Alberta
1231,273,1,"EFFECT GLADIATOR","A Beautiful Display of a Pastry Chef And a Pastry Chef who must Outgun a Forensic Psychologist in A Manhattan Penthouse",2006,0.99,PG,Mike,Hillyer,"47 MySakila Drive",Lethbridge,Alberta
1232,273,1,"EFFECT GLADIATOR","A Beautiful Display of a Pastry Chef And a Pastry Chef who must Outgun a Forensic Psychologist in A Manhattan Penthouse",2006,0.99,PG,Mike,Hillyer,"47 MySakila Drive",Lethbridge,Alberta
1233,273,1,"EFFECT GLADIATOR","A Beautiful Display of a Pastry Chef And a Pastry Chef who must Outgun a Forensic Psychologist in A Manhattan Penthouse",2006,0.99,PG,Mike,Hillyer,"47 MySakila Drive",Lethbridge,Alberta
1237,274,1,"EGG IGBY","A Beautiful Documentary of a Boat And a Sumo Wrestler who must Succumb a Database Administrator in The First Manned Space Station",2006,2.99,PG,Mike,Hillyer,"47 MySakila Drive",Lethbridge,Alberta
1238,274,1,"EGG IGBY","A Beautiful Documentary of a Boat And a Sumo Wrestler who must Succumb a Database Administrator in The First Manned Space Station",2006,2.99,PG,Mike,Hillyer,"47 MySakila Drive",Lethbridge,Alberta
1239,274,1,"EGG IGBY","A Beautiful Documentary of a Boat And a Sumo Wrestler who must Succumb a Database Administrator in The First Manned Space Station",2006,2.99,PG,Mike,Hillyer,"47 MySakila Drive",Lethbridge,Alberta
1244,275,1,"EGYPT TENENBAUMS","A Intrepid Story of a Madman And a Secret Agent who must Outrace a Astronaut in An Abandoned Amusement Park",2006,0.99,PG,Mike,Hillyer,"47 MySakila Drive",Lethbridge,Alberta
1245,275,1,"EGYPT TENENBAUMS","A Intrepid Story of a Madman And a Secret Agent who must Outrace a Astronaut in An Abandoned Amusement Park",2006,0.99,PG,Mike,Hillyer,"47 MySakila Drive",Lethbridge,Alberta
1246,275,1,"EGYPT TENENBAUMS","A Intrepid Story of a Madman And a Secret Agent who must Outrace a Astronaut in An Abandoned Amusement Park",2006,0.99,PG,Mike,Hillyer,"47 MySakila Drive",Lethbridge,Alberta
1249,276,1,"ELEMENT FREDDY","A Awe-Inspiring Reflection of a Waitress And a Squirrel who must Kill a Mad Cow in A Jet Boat",2006,4.99,NC-17,Mike,Hillyer,"47 MySakila Drive",Lethbridge,Alberta
1250,276,1,"ELEMENT FREDDY","A Awe-Inspiring Reflection of a Waitress And a Squirrel who must Kill a Mad Cow in A Jet Boat",2006,4.99,NC-17,Mike,Hillyer,"47 MySakila Drive",Lethbridge,Alberta
1251,276,1,"ELEMENT FREDDY","A Awe-Inspiring Reflection of a Waitress And a Squirrel who must Kill a Mad Cow in A Jet Boat",2006,4.99,NC-17,Mike,Hillyer,"47 MySakila Drive",Lethbridge,Alberta
1252,276,1,"ELEMENT FREDDY","A Awe-Inspiring Reflection of a Waitress And a Squirrel who must Kill a Mad Cow in A Jet Boat",2006,4.99,NC-17,Mike,Hillyer,"47 MySakila Drive",Lethbridge,Alberta
1253,277,1,"ELEPHANT TROJAN","A Beautiful Panorama of a Lumberjack And a Forensic Psychologist who must Overcome a Frisbee in A Baloon",2006,4.99,PG-13,Mike,Hillyer,"47 MySakila Drive",Lethbridge,Alberta
1254,277,1,"ELEPHANT TROJAN","A Beautiful Panorama of a Lumberjack And a Forensic Psychologist who must Overcome a Frisbee in A Baloon",2006,4.99,PG-13,Mike,Hillyer,"47 MySakila Drive",Lethbridge,Alberta
1255,277,1,"ELEPHANT TROJAN","A Beautiful Panorama of a Lumberjack And a Forensic Psychologist who must Overcome a Frisbee in A Baloon",2006,4.99,PG-13,Mike,Hillyer,"47 MySakila Drive",Lethbridge,Alberta
1256,278,1,"ELF MURDER","A Action-Packed Story of a Frisbee And a Woman who must Reach a Girl in An Abandoned Mine Shaft",2006,4.99,NC-17,Mike,Hillyer,"47 MySakila Drive",Lethbridge,Alberta
1257,278,1,"ELF MURDER","A Action-Packed Story of a Frisbee And a Woman who must Reach a Girl in An Abandoned Mine Shaft",2006,4.99,NC-17,Mike,Hillyer,"47 MySakila Drive",Lethbridge,Alberta
1258,279,1,"ELIZABETH SHANE","A Lacklusture Display of a Womanizer And a Dog who must Face a Sumo Wrestler in Ancient Japan",2006,4.99,NC-17,Mike,Hillyer,"47 MySakila Drive",Lethbridge,Alberta
1259,279,1,"ELIZABETH SHANE","A Lacklusture Display of a Womanizer And a Dog who must Face a Sumo Wrestler in Ancient Japan",2006,4.99,NC-17,Mike,Hillyer,"47 MySakila Drive",Lethbridge,Alberta
1260,280,1,"EMPIRE MALKOVICH","A Amazing Story of a Feminist And a Cat who must Face a Car in An Abandoned Fun House",2006,0.99,G,Mike,Hillyer,"47 MySakila Drive",Lethbridge,Alberta
1261,280,1,"EMPIRE MALKOVICH","A Amazing Story of a Feminist And a Cat who must Face a Car in An Abandoned Fun House",2006,0.99,G,Mike,Hillyer,"47 MySakila Drive",Lethbridge,Alberta
1262,280,1,"EMPIRE MALKOVICH","A Amazing Story of a Feminist And a Cat who must Face a Car in An Abandoned Fun House",2006,0.99,G,Mike,Hillyer,"47 MySakila Drive",Lethbridge,Alberta
1263,280,1,"EMPIRE MALKOVICH","A Amazing Story of a Feminist And a Cat who must Face a Car in An Abandoned Fun House",2006,0.99,G,Mike,Hillyer,"47 MySakila Drive",Lethbridge,Alberta
1266,281,1,"ENCINO ELF","A Astounding Drama of a Feminist And a Teacher who must Confront a Husband in A Baloon",2006,0.99,G,Mike,Hillyer,"47 MySakila Drive",Lethbridge,Alberta
1267,281,1,"ENCINO ELF","A Astounding Drama of a Feminist And a Teacher who must Confront a Husband in A Baloon",2006,0.99,G,Mike,Hillyer,"47 MySakila Drive",Lethbridge,Alberta
1272,282,1,"ENCOUNTERS CURTAIN","A Insightful Epistle of a Pastry Chef And a Womanizer who must Build a Boat in New Orleans",2006,0.99,NC-17,Mike,Hillyer,"47 MySakila Drive",Lethbridge,Alberta
1273,282,1,"ENCOUNTERS CURTAIN","A Insightful Epistle of a Pastry Chef And a Womanizer who must Build a Boat in New Orleans",2006,0.99,NC-17,Mike,Hillyer,"47 MySakila Drive",Lethbridge,Alberta
1274,282,1,"ENCOUNTERS CURTAIN","A Insightful Epistle of a Pastry Chef And a Womanizer who must Build a Boat in New Orleans",2006,0.99,NC-17,Mike,Hillyer,"47 MySakila Drive",Lethbridge,Alberta
1278,283,1,"ENDING CROWDS","A Unbelieveable Display of a Dentist And a Madman who must Vanquish a Squirrel in Berlin",2006,0.99,NC-17,Mike,Hillyer,"47 MySakila Drive",Lethbridge,Alberta
1279,283,1,"ENDING CROWDS","A Unbelieveable Display of a Dentist And a Madman who must Vanquish a Squirrel in Berlin",2006,0.99,NC-17,Mike,Hillyer,"47 MySakila Drive",Lethbridge,Alberta
1280,283,1,"ENDING CROWDS","A Unbelieveable Display of a Dentist And a Madman who must Vanquish a Squirrel in Berlin",2006,0.99,NC-17,Mike,Hillyer,"47 MySakila Drive",Lethbridge,Alberta
1281,284,1,"ENEMY ODDS","A Fanciful Panorama of a Mad Scientist And a Woman who must Pursue a Astronaut in Ancient India",2006,4.99,NC-17,Mike,Hillyer,"47 MySakila Drive",Lethbridge,Alberta
1282,284,1,"ENEMY ODDS","A Fanciful Panorama of a Mad Scientist And a Woman who must Pursue a Astronaut in Ancient India",2006,4.99,NC-17,Mike,Hillyer,"47 MySakila Drive",Lethbridge,Alberta
1283,284,1,"ENEMY ODDS","A Fanciful Panorama of a Mad Scientist And a Woman who must Pursue a Astronaut in Ancient India",2006,4.99,NC-17,Mike,Hillyer,"47 MySakila Drive",Lethbridge,Alberta
1288,285,1,"ENGLISH BULWORTH","A Intrepid Epistle of a Pastry Chef And a Pastry Chef who must Pursue a Crocodile in Ancient China",2006,0.99,PG-13,Mike,Hillyer,"47 MySakila Drive",Lethbridge,Alberta
1289,285,1,"ENGLISH BULWORTH","A Intrepid Epistle of a Pastry Chef And a Pastry Chef who must Pursue a Crocodile in Ancient China",2006,0.99,PG-13,Mike,Hillyer,"47 MySakila Drive",Lethbridge,Alberta
1290,285,1,"ENGLISH BULWORTH","A Intrepid Epistle of a Pastry Chef And a Pastry Chef who must Pursue a Crocodile in Ancient China",2006,0.99,PG-13,Mike,Hillyer,"47 MySakila Drive",Lethbridge,Alberta
1295,286,1,"ENOUGH RAGING","A Astounding Character Study of a Boat And a Secret Agent who must Find a Mad Cow in The Sahara Desert",2006,2.99,NC-17,Mike,Hillyer,"47 MySakila Drive",Lethbridge,Alberta
1296,286,1,"ENOUGH RAGING","A Astounding Character Study of a Boat And a Secret Agent who must Find a Mad Cow in The Sahara Desert",2006,2.99,NC-17,Mike,Hillyer,"47 MySakila Drive",Lethbridge,Alberta
1300,287,1,"ENTRAPMENT SATISFACTION","A Thoughtful Panorama of a Hunter And a Teacher who must Reach a Mad Cow in A U-Boat",2006,0.99,R,Mike,Hillyer,"47 MySakila Drive",Lethbridge,Alberta
1301,287,1,"ENTRAPMENT SATISFACTION","A Thoughtful Panorama of a Hunter And a Teacher who must Reach a Mad Cow in A U-Boat",2006,0.99,R,Mike,Hillyer,"47 MySakila Drive",Lethbridge,Alberta
1304,288,1,"ESCAPE METROPOLIS","A Taut Yarn of a Astronaut And a Technical Writer who must Outgun a Boat in New Orleans",2006,2.99,R,Mike,Hillyer,"47 MySakila Drive",Lethbridge,Alberta
1305,288,1,"ESCAPE METROPOLIS","A Taut Yarn of a Astronaut And a Technical Writer who must Outgun a Boat in New Orleans",2006,2.99,R,Mike,Hillyer,"47 MySakila Drive",Lethbridge,Alberta
1310,289,1,"EVE RESURRECTION","A Awe-Inspiring Yarn of a Pastry Chef And a Database Administrator who must Challenge a Teacher in A Baloon",2006,4.99,G,Mike,Hillyer,"47 MySakila Drive",Lethbridge,Alberta
1311,289,1,"EVE RESURRECTION","A Awe-Inspiring Yarn of a Pastry Chef And a Database Administrator who must Challenge a Teacher in A Baloon",2006,4.99,G,Mike,Hillyer,"47 MySakila Drive",Lethbridge,Alberta
1312,290,1,"EVERYONE CRAFT","A Fateful Display of a Waitress And a Dentist who must Reach a Butler in Nigeria",2006,0.99,PG,Mike,Hillyer,"47 MySakila Drive",Lethbridge,Alberta
1313,290,1,"EVERYONE CRAFT","A Fateful Display of a Waitress And a Dentist who must Reach a Butler in Nigeria",2006,0.99,PG,Mike,Hillyer,"47 MySakila Drive",Lethbridge,Alberta
1314,290,1,"EVERYONE CRAFT","A Fateful Display of a Waitress And a Dentist who must Reach a Butler in Nigeria",2006,0.99,PG,Mike,Hillyer,"47 MySakila Drive",Lethbridge,Alberta
1315,291,1,"EVOLUTION ALTER","A Fanciful Character Study of a Feminist And a Madman who must Find a Explorer in A Baloon Factory",2006,0.99,PG-13,Mike,Hillyer,"47 MySakila Drive",Lethbridge,Alberta
1316,291,1,"EVOLUTION ALTER","A Fanciful Character Study of a Feminist And a Madman who must Find a Explorer in A Baloon Factory",2006,0.99,PG-13,Mike,Hillyer,"47 MySakila Drive",Lethbridge,Alberta
1317,291,1,"EVOLUTION ALTER","A Fanciful Character Study of a Feminist And a Madman who must Find a Explorer in A Baloon Factory",2006,0.99,PG-13,Mike,Hillyer,"47 MySakila Drive",Lethbridge,Alberta
1318,291,1,"EVOLUTION ALTER","A Fanciful Character Study of a Feminist And a Madman who must Find a Explorer in A Baloon Factory",2006,0.99,PG-13,Mike,Hillyer,"47 MySakila Drive",Lethbridge,Alberta
1319,292,1,"EXCITEMENT EVE","A Brilliant Documentary of a Monkey And a Car who must Conquer a Crocodile in A Shark Tank",2006,0.99,G,Mike,Hillyer,"47 MySakila Drive",Lethbridge,Alberta
1320,292,1,"EXCITEMENT EVE","A Brilliant Documentary of a Monkey And a Car who must Conquer a Crocodile in A Shark Tank",2006,0.99,G,Mike,Hillyer,"47 MySakila Drive",Lethbridge,Alberta
1321,292,1,"EXCITEMENT EVE","A Brilliant Documentary of a Monkey And a Car who must Conquer a Crocodile in A Shark Tank",2006,0.99,G,Mike,Hillyer,"47 MySakila Drive",Lethbridge,Alberta
1325,293,1,"EXORCIST STING","A Touching Drama of a Dog And a Sumo Wrestler who must Conquer a Mad Scientist in Berlin",2006,2.99,G,Mike,Hillyer,"47 MySakila Drive",Lethbridge,Alberta
1326,293,1,"EXORCIST STING","A Touching Drama of a Dog And a Sumo Wrestler who must Conquer a Mad Scientist in Berlin",2006,2.99,G,Mike,Hillyer,"47 MySakila Drive",Lethbridge,Alberta
1330,294,1,"EXPECATIONS NATURAL","A Amazing Drama of a Butler And a Husband who must Reach a A Shark in A U-Boat",2006,4.99,PG-13,Mike,Hillyer,"47 MySakila Drive",Lethbridge,Alberta
1331,294,1,"EXPECATIONS NATURAL","A Amazing Drama of a Butler And a Husband who must Reach a A Shark in A U-Boat",2006,4.99,PG-13,Mike,Hillyer,"47 MySakila Drive",Lethbridge,Alberta
1335,295,1,"EXPENDABLE STALLION","A Amazing Character Study of a Mad Cow And a Squirrel who must Discover a Hunter in A U-Boat",2006,0.99,PG,Mike,Hillyer,"47 MySakila Drive",Lethbridge,Alberta
1336,295,1,"EXPENDABLE STALLION","A Amazing Character Study of a Mad Cow And a Squirrel who must Discover a Hunter in A U-Boat",2006,0.99,PG,Mike,Hillyer,"47 MySakila Drive",Lethbridge,Alberta
1337,295,1,"EXPENDABLE STALLION","A Amazing Character Study of a Mad Cow And a Squirrel who must Discover a Hunter in A U-Boat",2006,0.99,PG,Mike,Hillyer,"47 MySakila Drive",Lethbridge,Alberta
1338,295,1,"EXPENDABLE STALLION","A Amazing Character Study of a Mad Cow And a Squirrel who must Discover a Hunter in A U-Boat",2006,0.99,PG,Mike,Hillyer,"47 MySakila Drive",Lethbridge,Alberta
1343,296,1,"EXPRESS LONELY","A Boring Drama of a Astronaut And a Boat who must Face a Boat in California",2006,2.99,R,Mike,Hillyer,"47 MySakila Drive",Lethbridge,Alberta
1344,296,1,"EXPRESS LONELY","A Boring Drama of a Astronaut And a Boat who must Face a Boat in California",2006,2.99,R,Mike,Hillyer,"47 MySakila Drive",Lethbridge,Alberta
1345,296,1,"EXPRESS LONELY","A Boring Drama of a Astronaut And a Boat who must Face a Boat in California",2006,2.99,R,Mike,Hillyer,"47 MySakila Drive",Lethbridge,Alberta
1346,296,1,"EXPRESS LONELY","A Boring Drama of a Astronaut And a Boat who must Face a Boat in California",2006,2.99,R,Mike,Hillyer,"47 MySakila Drive",Lethbridge,Alberta
1349,298,1,"EYES DRIVING","A Thrilling Story of a Cat And a Waitress who must Fight a Explorer in The Outback",2006,2.99,PG-13,Mike,Hillyer,"47 MySakila Drive",Lethbridge,Alberta
1350,298,1,"EYES DRIVING","A Thrilling Story of a Cat And a Waitress who must Fight a Explorer in The Outback",2006,2.99,PG-13,Mike,Hillyer,"47 MySakila Drive",Lethbridge,Alberta
1354,299,1,"FACTORY DRAGON","A Action-Packed Saga of a Teacher And a Frisbee who must Escape a Lumberjack in The Sahara Desert",2006,0.99,PG-13,Mike,Hillyer,"47 MySakila Drive",Lethbridge,Alberta
1355,299,1,"FACTORY DRAGON","A Action-Packed Saga of a Teacher And a Frisbee who must Escape a Lumberjack in The Sahara Desert",2006,0.99,PG-13,Mike,Hillyer,"47 MySakila Drive",Lethbridge,Alberta
1356,299,1,"FACTORY DRAGON","A Action-Packed Saga of a Teacher And a Frisbee who must Escape a Lumberjack in The Sahara Desert",2006,0.99,PG-13,Mike,Hillyer,"47 MySakila Drive",Lethbridge,Alberta
1357,299,1,"FACTORY DRAGON","A Action-Packed Saga of a Teacher And a Frisbee who must Escape a Lumberjack in The Sahara Desert",2006,0.99,PG-13,Mike,Hillyer,"47 MySakila Drive",Lethbridge,Alberta
1358,300,1,"FALCON VOLUME","A Fateful Saga of a Sumo Wrestler And a Hunter who must Redeem a A Shark in New Orleans",2006,4.99,PG-13,Mike,Hillyer,"47 MySakila Drive",Lethbridge,Alberta
1359,300,1,"FALCON VOLUME","A Fateful Saga of a Sumo Wrestler And a Hunter who must Redeem a A Shark in New Orleans",2006,4.99,PG-13,Mike,Hillyer,"47 MySakila Drive",Lethbridge,Alberta
1364,301,1,"FAMILY SWEET","A Epic Documentary of a Teacher And a Boy who must Escape a Woman in Berlin",2006,0.99,R,Mike,Hillyer,"47 MySakila Drive",Lethbridge,Alberta
1365,301,1,"FAMILY SWEET","A Epic Documentary of a Teacher And a Boy who must Escape a Woman in Berlin",2006,0.99,R,Mike,Hillyer,"47 MySakila Drive",Lethbridge,Alberta
1366,301,1,"FAMILY SWEET","A Epic Documentary of a Teacher And a Boy who must Escape a Woman in Berlin",2006,0.99,R,Mike,Hillyer,"47 MySakila Drive",Lethbridge,Alberta
1367,301,1,"FAMILY SWEET","A Epic Documentary of a Teacher And a Boy who must Escape a Woman in Berlin",2006,0.99,R,Mike,Hillyer,"47 MySakila Drive",Lethbridge,Alberta
1372,302,1,"FANTASIA PARK","A Thoughtful Documentary of a Mad Scientist And a A Shark who must Outrace a Feminist in Australia",2006,2.99,G,Mike,Hillyer,"47 MySakila Drive",Lethbridge,Alberta
1373,302,1,"FANTASIA PARK","A Thoughtful Documentary of a Mad Scientist And a A Shark who must Outrace a Feminist in Australia",2006,2.99,G,Mike,Hillyer,"47 MySakila Drive",Lethbridge,Alberta
1378,303,1,"FANTASY TROOPERS","A Touching Saga of a Teacher And a Monkey who must Overcome a Secret Agent in A MySQL Convention",2006,0.99,PG-13,Mike,Hillyer,"47 MySakila Drive",Lethbridge,Alberta
1379,303,1,"FANTASY TROOPERS","A Touching Saga of a Teacher And a Monkey who must Overcome a Secret Agent in A MySQL Convention",2006,0.99,PG-13,Mike,Hillyer,"47 MySakila Drive",Lethbridge,Alberta
1380,303,1,"FANTASY TROOPERS","A Touching Saga of a Teacher And a Monkey who must Overcome a Secret Agent in A MySQL Convention",2006,0.99,PG-13,Mike,Hillyer,"47 MySakila Drive",Lethbridge,Alberta
1381,303,1,"FANTASY TROOPERS","A Touching Saga of a Teacher And a Monkey who must Overcome a Secret Agent in A MySQL Convention",2006,0.99,PG-13,Mike,Hillyer,"47 MySakila Drive",Lethbridge,Alberta
1384,304,1,"FARGO GANDHI","A Thrilling Reflection of a Pastry Chef And a Crocodile who must Reach a Teacher in The Outback",2006,2.99,G,Mike,Hillyer,"47 MySakila Drive",Lethbridge,Alberta
1385,304,1,"FARGO GANDHI","A Thrilling Reflection of a Pastry Chef And a Crocodile who must Reach a Teacher in The Outback",2006,2.99,G,Mike,Hillyer,"47 MySakila Drive",Lethbridge,Alberta
1386,304,1,"FARGO GANDHI","A Thrilling Reflection of a Pastry Chef And a Crocodile who must Reach a Teacher in The Outback",2006,2.99,G,Mike,Hillyer,"47 MySakila Drive",Lethbridge,Alberta
1387,304,1,"FARGO GANDHI","A Thrilling Reflection of a Pastry Chef And a Crocodile who must Reach a Teacher in The Outback",2006,2.99,G,Mike,Hillyer,"47 MySakila Drive",Lethbridge,Alberta
1390,305,1,"FATAL HAUNTED","A Beautiful Drama of a Student And a Secret Agent who must Confront a Dentist in Ancient Japan",2006,2.99,PG,Mike,Hillyer,"47 MySakila Drive",Lethbridge,Alberta
1391,305,1,"FATAL HAUNTED","A Beautiful Drama of a Student And a Secret Agent who must Confront a Dentist in Ancient Japan",2006,2.99,PG,Mike,Hillyer,"47 MySakila Drive",Lethbridge,Alberta
1392,305,1,"FATAL HAUNTED","A Beautiful Drama of a Student And a Secret Agent who must Confront a Dentist in Ancient Japan",2006,2.99,PG,Mike,Hillyer,"47 MySakila Drive",Lethbridge,Alberta
1393,305,1,"FATAL HAUNTED","A Beautiful Drama of a Student And a Secret Agent who must Confront a Dentist in Ancient Japan",2006,2.99,PG,Mike,Hillyer,"47 MySakila Drive",Lethbridge,Alberta
1397,306,1,"FEATHERS METAL","A Thoughtful Yarn of a Monkey And a Teacher who must Find a Dog in Australia",2006,0.99,PG-13,Mike,Hillyer,"47 MySakila Drive",Lethbridge,Alberta
1398,306,1,"FEATHERS METAL","A Thoughtful Yarn of a Monkey And a Teacher who must Find a Dog in Australia",2006,0.99,PG-13,Mike,Hillyer,"47 MySakila Drive",Lethbridge,Alberta
1399,306,1,"FEATHERS METAL","A Thoughtful Yarn of a Monkey And a Teacher who must Find a Dog in Australia",2006,0.99,PG-13,Mike,Hillyer,"47 MySakila Drive",Lethbridge,Alberta
1400,307,1,"FELLOWSHIP AUTUMN","A Lacklusture Reflection of a Dentist And a Hunter who must Meet a Teacher in A Baloon",2006,4.99,NC-17,Mike,Hillyer,"47 MySakila Drive",Lethbridge,Alberta
1401,307,1,"FELLOWSHIP AUTUMN","A Lacklusture Reflection of a Dentist And a Hunter who must Meet a Teacher in A Baloon",2006,4.99,NC-17,Mike,Hillyer,"47 MySakila Drive",Lethbridge,Alberta
1402,307,1,"FELLOWSHIP AUTUMN","A Lacklusture Reflection of a Dentist And a Hunter who must Meet a Teacher in A Baloon",2006,4.99,NC-17,Mike,Hillyer,"47 MySakila Drive",Lethbridge,Alberta
1406,308,1,"FERRIS MOTHER","A Touching Display of a Frisbee And a Frisbee who must Kill a Girl in The Gulf of Mexico",2006,2.99,PG,Mike,Hillyer,"47 MySakila Drive",Lethbridge,Alberta
1407,308,1,"FERRIS MOTHER","A Touching Display of a Frisbee And a Frisbee who must Kill a Girl in The Gulf of Mexico",2006,2.99,PG,Mike,Hillyer,"47 MySakila Drive",Lethbridge,Alberta
1410,309,1,"FEUD FROGMEN","A Brilliant Reflection of a Database Administrator And a Mad Cow who must Chase a Woman in The Canadian Rockies",2006,0.99,R,Mike,Hillyer,"47 MySakila Drive",Lethbridge,Alberta
1411,309,1,"FEUD FROGMEN","A Brilliant Reflection of a Database Administrator And a Mad Cow who must Chase a Woman in The Canadian Rockies",2006,0.99,R,Mike,Hillyer,"47 MySakila Drive",Lethbridge,Alberta
1416,310,1,"FEVER EMPIRE","A Insightful Panorama of a Cat And a Boat who must Defeat a Boat in The Gulf of Mexico",2006,4.99,R,Mike,Hillyer,"47 MySakila Drive",Lethbridge,Alberta
1417,310,1,"FEVER EMPIRE","A Insightful Panorama of a Cat And a Boat who must Defeat a Boat in The Gulf of Mexico",2006,4.99,R,Mike,Hillyer,"47 MySakila Drive",Lethbridge,Alberta
1418,311,1,"FICTION CHRISTMAS","A Emotional Yarn of a A Shark And a Student who must Battle a Robot in An Abandoned Mine Shaft",2006,0.99,PG,Mike,Hillyer,"47 MySakila Drive",Lethbridge,Alberta
1419,311,1,"FICTION CHRISTMAS","A Emotional Yarn of a A Shark And a Student who must Battle a Robot in An Abandoned Mine Shaft",2006,0.99,PG,Mike,Hillyer,"47 MySakila Drive",Lethbridge,Alberta
1420,311,1,"FICTION CHRISTMAS","A Emotional Yarn of a A Shark And a Student who must Battle a Robot in An Abandoned Mine Shaft",2006,0.99,PG,Mike,Hillyer,"47 MySakila Drive",Lethbridge,Alberta
1428,313,1,"FIDELITY DEVIL","A Awe-Inspiring Drama of a Technical Writer And a Composer who must Reach a Pastry Chef in A U-Boat",2006,4.99,G,Mike,Hillyer,"47 MySakila Drive",Lethbridge,Alberta
1429,313,1,"FIDELITY DEVIL","A Awe-Inspiring Drama of a Technical Writer And a Composer who must Reach a Pastry Chef in A U-Boat",2006,4.99,G,Mike,Hillyer,"47 MySakila Drive",Lethbridge,Alberta
1430,313,1,"FIDELITY DEVIL","A Awe-Inspiring Drama of a Technical Writer And a Composer who must Reach a Pastry Chef in A U-Boat",2006,4.99,G,Mike,Hillyer,"47 MySakila Drive",Lethbridge,Alberta
1431,313,1,"FIDELITY DEVIL","A Awe-Inspiring Drama of a Technical Writer And a Composer who must Reach a Pastry Chef in A U-Boat",2006,4.99,G,Mike,Hillyer,"47 MySakila Drive",Lethbridge,Alberta
1434,314,1,"FIGHT JAWBREAKER","A Intrepid Panorama of a Womanizer And a Girl who must Escape a Girl in A Manhattan Penthouse",2006,0.99,R,Mike,Hillyer,"47 MySakila Drive",Lethbridge,Alberta
1435,314,1,"FIGHT JAWBREAKER","A Intrepid Panorama of a Womanizer And a Girl who must Escape a Girl in A Manhattan Penthouse",2006,0.99,R,Mike,Hillyer,"47 MySakila Drive",Lethbridge,Alberta
1445,317,1,"FIREBALL PHILADELPHIA","A Amazing Yarn of a Dentist And a A Shark who must Vanquish a Madman in An Abandoned Mine Shaft",2006,0.99,PG,Mike,Hillyer,"47 MySakila Drive",Lethbridge,Alberta
1446,317,1,"FIREBALL PHILADELPHIA","A Amazing Yarn of a Dentist And a A Shark who must Vanquish a Madman in An Abandoned Mine Shaft",2006,0.99,PG,Mike,Hillyer,"47 MySakila Drive",Lethbridge,Alberta
1447,317,1,"FIREBALL PHILADELPHIA","A Amazing Yarn of a Dentist And a A Shark who must Vanquish a Madman in An Abandoned Mine Shaft",2006,0.99,PG,Mike,Hillyer,"47 MySakila Drive",Lethbridge,Alberta
1448,317,1,"FIREBALL PHILADELPHIA","A Amazing Yarn of a Dentist And a A Shark who must Vanquish a Madman in An Abandoned Mine Shaft",2006,0.99,PG,Mike,Hillyer,"47 MySakila Drive",Lethbridge,Alberta
1452,319,1,"FISH OPUS","A Touching Display of a Feminist And a Girl who must Confront a Astronaut in Australia",2006,2.99,R,Mike,Hillyer,"47 MySakila Drive",Lethbridge,Alberta
1453,319,1,"FISH OPUS","A Touching Display of a Feminist And a Girl who must Confront a Astronaut in Australia",2006,2.99,R,Mike,Hillyer,"47 MySakila Drive",Lethbridge,Alberta
1454,319,1,"FISH OPUS","A Touching Display of a Feminist And a Girl who must Confront a Astronaut in Australia",2006,2.99,R,Mike,Hillyer,"47 MySakila Drive",Lethbridge,Alberta
1459,320,1,"FLAMINGOS CONNECTICUT","A Fast-Paced Reflection of a Composer And a Composer who must Meet a Cat in The Sahara Desert",2006,4.99,PG-13,Mike,Hillyer,"47 MySakila Drive",Lethbridge,Alberta
1460,320,1,"FLAMINGOS CONNECTICUT","A Fast-Paced Reflection of a Composer And a Composer who must Meet a Cat in The Sahara Desert",2006,4.99,PG-13,Mike,Hillyer,"47 MySakila Drive",Lethbridge,Alberta
1461,320,1,"FLAMINGOS CONNECTICUT","A Fast-Paced Reflection of a Composer And a Composer who must Meet a Cat in The Sahara Desert",2006,4.99,PG-13,Mike,Hillyer,"47 MySakila Drive",Lethbridge,Alberta
1466,321,1,"FLASH WARS","A Astounding Saga of a Moose And a Pastry Chef who must Chase a Student in The Gulf of Mexico",2006,4.99,NC-17,Mike,Hillyer,"47 MySakila Drive",Lethbridge,Alberta
1467,321,1,"FLASH WARS","A Astounding Saga of a Moose And a Pastry Chef who must Chase a Student in The Gulf of Mexico",2006,4.99,NC-17,Mike,Hillyer,"47 MySakila Drive",Lethbridge,Alberta
1468,321,1,"FLASH WARS","A Astounding Saga of a Moose And a Pastry Chef who must Chase a Student in The Gulf of Mexico",2006,4.99,NC-17,Mike,Hillyer,"47 MySakila Drive",Lethbridge,Alberta
1469,321,1,"FLASH WARS","A Astounding Saga of a Moose And a Pastry Chef who must Chase a Student in The Gulf of Mexico",2006,4.99,NC-17,Mike,Hillyer,"47 MySakila Drive",Lethbridge,Alberta
1470,322,1,"FLATLINERS KILLER","A Taut Display of a Secret Agent And a Waitress who must Sink a Robot in An Abandoned Mine Shaft",2006,2.99,G,Mike,Hillyer,"47 MySakila Drive",Lethbridge,Alberta
1471,322,1,"FLATLINERS KILLER","A Taut Display of a Secret Agent And a Waitress who must Sink a Robot in An Abandoned Mine Shaft",2006,2.99,G,Mike,Hillyer,"47 MySakila Drive",Lethbridge,Alberta
1472,322,1,"FLATLINERS KILLER","A Taut Display of a Secret Agent And a Waitress who must Sink a Robot in An Abandoned Mine Shaft",2006,2.99,G,Mike,Hillyer,"47 MySakila Drive",Lethbridge,Alberta
1473,322,1,"FLATLINERS KILLER","A Taut Display of a Secret Agent And a Waitress who must Sink a Robot in An Abandoned Mine Shaft",2006,2.99,G,Mike,Hillyer,"47 MySakila Drive",Lethbridge,Alberta
1480,324,1,"FLINTSTONES HAPPINESS","A Fateful Story of a Husband And a Moose who must Vanquish a Boy in California",2006,4.99,PG-13,Mike,Hillyer,"47 MySakila Drive",Lethbridge,Alberta
1481,324,1,"FLINTSTONES HAPPINESS","A Fateful Story of a Husband And a Moose who must Vanquish a Boy in California",2006,4.99,PG-13,Mike,Hillyer,"47 MySakila Drive",Lethbridge,Alberta
1482,324,1,"FLINTSTONES HAPPINESS","A Fateful Story of a Husband And a Moose who must Vanquish a Boy in California",2006,4.99,PG-13,Mike,Hillyer,"47 MySakila Drive",Lethbridge,Alberta
1485,326,1,"FLYING HOOK","A Thrilling Display of a Mad Cow And a Dog who must Challenge a Frisbee in Nigeria",2006,2.99,NC-17,Mike,Hillyer,"47 MySakila Drive",Lethbridge,Alberta
1486,326,1,"FLYING HOOK","A Thrilling Display of a Mad Cow And a Dog who must Challenge a Frisbee in Nigeria",2006,2.99,NC-17,Mike,Hillyer,"47 MySakila Drive",Lethbridge,Alberta
1491,327,1,"FOOL MOCKINGBIRD","A Lacklusture Tale of a Crocodile And a Composer who must Defeat a Madman in A U-Boat",2006,4.99,PG,Mike,Hillyer,"47 MySakila Drive",Lethbridge,Alberta
1492,327,1,"FOOL MOCKINGBIRD","A Lacklusture Tale of a Crocodile And a Composer who must Defeat a Madman in A U-Boat",2006,4.99,PG,Mike,Hillyer,"47 MySakila Drive",Lethbridge,Alberta
1493,327,1,"FOOL MOCKINGBIRD","A Lacklusture Tale of a Crocodile And a Composer who must Defeat a Madman in A U-Boat",2006,4.99,PG,Mike,Hillyer,"47 MySakila Drive",Lethbridge,Alberta
1494,327,1,"FOOL MOCKINGBIRD","A Lacklusture Tale of a Crocodile And a Composer who must Defeat a Madman in A U-Boat",2006,4.99,PG,Mike,Hillyer,"47 MySakila Drive",Lethbridge,Alberta
1501,329,1,"FORREST SONS","A Thrilling Documentary of a Forensic Psychologist And a Butler who must Defeat a Explorer in A Jet Boat",2006,2.99,R,Mike,Hillyer,"47 MySakila Drive",Lethbridge,Alberta
1502,329,1,"FORREST SONS","A Thrilling Documentary of a Forensic Psychologist And a Butler who must Defeat a Explorer in A Jet Boat",2006,2.99,R,Mike,Hillyer,"47 MySakila Drive",Lethbridge,Alberta
1503,329,1,"FORREST SONS","A Thrilling Documentary of a Forensic Psychologist And a Butler who must Defeat a Explorer in A Jet Boat",2006,2.99,R,Mike,Hillyer,"47 MySakila Drive",Lethbridge,Alberta
1507,330,1,"FORRESTER COMANCHEROS","A Fateful Tale of a Squirrel And a Forensic Psychologist who must Redeem a Man in Nigeria",2006,4.99,NC-17,Mike,Hillyer,"47 MySakila Drive",Lethbridge,Alberta
1508,330,1,"FORRESTER COMANCHEROS","A Fateful Tale of a Squirrel And a Forensic Psychologist who must Redeem a Man in Nigeria",2006,4.99,NC-17,Mike,Hillyer,"47 MySakila Drive",Lethbridge,Alberta
1509,330,1,"FORRESTER COMANCHEROS","A Fateful Tale of a Squirrel And a Forensic Psychologist who must Redeem a Man in Nigeria",2006,4.99,NC-17,Mike,Hillyer,"47 MySakila Drive",Lethbridge,Alberta
1510,330,1,"FORRESTER COMANCHEROS","A Fateful Tale of a Squirrel And a Forensic Psychologist who must Redeem a Man in Nigeria",2006,4.99,NC-17,Mike,Hillyer,"47 MySakila Drive",Lethbridge,Alberta
1514,331,1,"FORWARD TEMPLE","A Astounding Display of a Forensic Psychologist And a Mad Scientist who must Challenge a Girl in New Orleans",2006,2.99,NC-17,Mike,Hillyer,"47 MySakila Drive",Lethbridge,Alberta
1515,331,1,"FORWARD TEMPLE","A Astounding Display of a Forensic Psychologist And a Mad Scientist who must Challenge a Girl in New Orleans",2006,2.99,NC-17,Mike,Hillyer,"47 MySakila Drive",Lethbridge,Alberta
1516,331,1,"FORWARD TEMPLE","A Astounding Display of a Forensic Psychologist And a Mad Scientist who must Challenge a Girl in New Orleans",2006,2.99,NC-17,Mike,Hillyer,"47 MySakila Drive",Lethbridge,Alberta
1517,331,1,"FORWARD TEMPLE","A Astounding Display of a Forensic Psychologist And a Mad Scientist who must Challenge a Girl in New Orleans",2006,2.99,NC-17,Mike,Hillyer,"47 MySakila Drive",Lethbridge,Alberta
1522,333,1,"FREAKY POCUS","A Fast-Paced Documentary of a Pastry Chef And a Crocodile who must Chase a Squirrel in The Gulf of Mexico",2006,2.99,R,Mike,Hillyer,"47 MySakila Drive",Lethbridge,Alberta
1523,333,1,"FREAKY POCUS","A Fast-Paced Documentary of a Pastry Chef And a Crocodile who must Chase a Squirrel in The Gulf of Mexico",2006,2.99,R,Mike,Hillyer,"47 MySakila Drive",Lethbridge,Alberta
1526,334,1,"FREDDY STORM","A Intrepid Saga of a Man And a Lumberjack who must Vanquish a Husband in The Outback",2006,4.99,NC-17,Mike,Hillyer,"47 MySakila Drive",Lethbridge,Alberta
1527,334,1,"FREDDY STORM","A Intrepid Saga of a Man And a Lumberjack who must Vanquish a Husband in The Outback",2006,4.99,NC-17,Mike,Hillyer,"47 MySakila Drive",Lethbridge,Alberta
1532,335,1,"FREEDOM CLEOPATRA","A Emotional Reflection of a Dentist And a Mad Cow who must Face a Squirrel in A Baloon",2006,0.99,PG-13,Mike,Hillyer,"47 MySakila Drive",Lethbridge,Alberta
1533,335,1,"FREEDOM CLEOPATRA","A Emotional Reflection of a Dentist And a Mad Cow who must Face a Squirrel in A Baloon",2006,0.99,PG-13,Mike,Hillyer,"47 MySakila Drive",Lethbridge,Alberta
1534,336,1,"FRENCH HOLIDAY","A Thrilling Epistle of a Dog And a Feminist who must Kill a Madman in Berlin",2006,4.99,PG,Mike,Hillyer,"47 MySakila Drive",Lethbridge,Alberta
1535,336,1,"FRENCH HOLIDAY","A Thrilling Epistle of a Dog And a Feminist who must Kill a Madman in Berlin",2006,4.99,PG,Mike,Hillyer,"47 MySakila Drive",Lethbridge,Alberta
1536,336,1,"FRENCH HOLIDAY","A Thrilling Epistle of a Dog And a Feminist who must Kill a Madman in Berlin",2006,4.99,PG,Mike,Hillyer,"47 MySakila Drive",Lethbridge,Alberta
1539,337,1,"FRIDA SLIPPER","A Fateful Story of a Lumberjack And a Car who must Escape a Boat in An Abandoned Mine Shaft",2006,2.99,R,Mike,Hillyer,"47 MySakila Drive",Lethbridge,Alberta
1540,337,1,"FRIDA SLIPPER","A Fateful Story of a Lumberjack And a Car who must Escape a Boat in An Abandoned Mine Shaft",2006,2.99,R,Mike,Hillyer,"47 MySakila Drive",Lethbridge,Alberta
1549,340,1,"FRONTIER CABIN","A Emotional Story of a Madman And a Waitress who must Battle a Teacher in An Abandoned Fun House",2006,4.99,PG-13,Mike,Hillyer,"47 MySakila Drive",Lethbridge,Alberta
1550,340,1,"FRONTIER CABIN","A Emotional Story of a Madman And a Waitress who must Battle a Teacher in An Abandoned Fun House",2006,4.99,PG-13,Mike,Hillyer,"47 MySakila Drive",Lethbridge,Alberta
1551,341,1,"FROST HEAD","A Amazing Reflection of a Lumberjack And a Cat who must Discover a Husband in A MySQL Convention",2006,0.99,PG,Mike,Hillyer,"47 MySakila Drive",Lethbridge,Alberta
1552,341,1,"FROST HEAD","A Amazing Reflection of a Lumberjack And a Cat who must Discover a Husband in A MySQL Convention",2006,0.99,PG,Mike,Hillyer,"47 MySakila Drive",Lethbridge,Alberta
1553,341,1,"FROST HEAD","A Amazing Reflection of a Lumberjack And a Cat who must Discover a Husband in A MySQL Convention",2006,0.99,PG,Mike,Hillyer,"47 MySakila Drive",Lethbridge,Alberta
1554,341,1,"FROST HEAD","A Amazing Reflection of a Lumberjack And a Cat who must Discover a Husband in A MySQL Convention",2006,0.99,PG,Mike,Hillyer,"47 MySakila Drive",Lethbridge,Alberta
1559,342,1,"FUGITIVE MAGUIRE","A Taut Epistle of a Feminist And a Sumo Wrestler who must Battle a Crocodile in Australia",2006,4.99,R,Mike,Hillyer,"47 MySakila Drive",Lethbridge,Alberta
1560,342,1,"FUGITIVE MAGUIRE","A Taut Epistle of a Feminist And a Sumo Wrestler who must Battle a Crocodile in Australia",2006,4.99,R,Mike,Hillyer,"47 MySakila Drive",Lethbridge,Alberta
1561,342,1,"FUGITIVE MAGUIRE","A Taut Epistle of a Feminist And a Sumo Wrestler who must Battle a Crocodile in Australia",2006,4.99,R,Mike,Hillyer,"47 MySakila Drive",Lethbridge,Alberta
1562,342,1,"FUGITIVE MAGUIRE","A Taut Epistle of a Feminist And a Sumo Wrestler who must Battle a Crocodile in Australia",2006,4.99,R,Mike,Hillyer,"47 MySakila Drive",Lethbridge,Alberta
1563,343,1,"FULL FLATLINERS","A Beautiful Documentary of a Astronaut And a Moose who must Pursue a Monkey in A Shark Tank",2006,2.99,PG,Mike,Hillyer,"47 MySakila Drive",Lethbridge,Alberta
1564,343,1,"FULL FLATLINERS","A Beautiful Documentary of a Astronaut And a Moose who must Pursue a Monkey in A Shark Tank",2006,2.99,PG,Mike,Hillyer,"47 MySakila Drive",Lethbridge,Alberta
1565,344,1,"FURY MURDER","A Lacklusture Reflection of a Boat And a Forensic Psychologist who must Fight a Waitress in A Monastery",2006,0.99,PG-13,Mike,Hillyer,"47 MySakila Drive",Lethbridge,Alberta
1566,344,1,"FURY MURDER","A Lacklusture Reflection of a Boat And a Forensic Psychologist who must Fight a Waitress in A Monastery",2006,0.99,PG-13,Mike,Hillyer,"47 MySakila Drive",Lethbridge,Alberta
1567,344,1,"FURY MURDER","A Lacklusture Reflection of a Boat And a Forensic Psychologist who must Fight a Waitress in A Monastery",2006,0.99,PG-13,Mike,Hillyer,"47 MySakila Drive",Lethbridge,Alberta
1570,345,1,"GABLES METROPOLIS","A Fateful Display of a Cat And a Pioneer who must Challenge a Pastry Chef in A Baloon Factory",2006,0.99,PG,Mike,Hillyer,"47 MySakila Drive",Lethbridge,Alberta
1571,345,1,"GABLES METROPOLIS","A Fateful Display of a Cat And a Pioneer who must Challenge a Pastry Chef in A Baloon Factory",2006,0.99,PG,Mike,Hillyer,"47 MySakila Drive",Lethbridge,Alberta
1572,345,1,"GABLES METROPOLIS","A Fateful Display of a Cat And a Pioneer who must Challenge a Pastry Chef in A Baloon Factory",2006,0.99,PG,Mike,Hillyer,"47 MySakila Drive",Lethbridge,Alberta
1575,346,1,"GALAXY SWEETHEARTS","A Emotional Reflection of a Womanizer And a Pioneer who must Face a Squirrel in Berlin",2006,4.99,R,Mike,Hillyer,"47 MySakila Drive",Lethbridge,Alberta
1576,346,1,"GALAXY SWEETHEARTS","A Emotional Reflection of a Womanizer And a Pioneer who must Face a Squirrel in Berlin",2006,4.99,R,Mike,Hillyer,"47 MySakila Drive",Lethbridge,Alberta
1581,347,1,"GAMES BOWFINGER","A Astounding Documentary of a Butler And a Explorer who must Challenge a Butler in A Monastery",2006,4.99,PG-13,Mike,Hillyer,"47 MySakila Drive",Lethbridge,Alberta
1582,347,1,"GAMES BOWFINGER","A Astounding Documentary of a Butler And a Explorer who must Challenge a Butler in A Monastery",2006,4.99,PG-13,Mike,Hillyer,"47 MySakila Drive",Lethbridge,Alberta
1583,347,1,"GAMES BOWFINGER","A Astounding Documentary of a Butler And a Explorer who must Challenge a Butler in A Monastery",2006,4.99,PG-13,Mike,Hillyer,"47 MySakila Drive",Lethbridge,Alberta
1584,347,1,"GAMES BOWFINGER","A Astounding Documentary of a Butler And a Explorer who must Challenge a Butler in A Monastery",2006,4.99,PG-13,Mike,Hillyer,"47 MySakila Drive",Lethbridge,Alberta
1589,349,1,"GANGS PRIDE","A Taut Character Study of a Woman And a A Shark who must Confront a Frisbee in Berlin",2006,2.99,PG-13,Mike,Hillyer,"47 MySakila Drive",Lethbridge,Alberta
1590,349,1,"GANGS PRIDE","A Taut Character Study of a Woman And a A Shark who must Confront a Frisbee in Berlin",2006,2.99,PG-13,Mike,Hillyer,"47 MySakila Drive",Lethbridge,Alberta
1591,349,1,"GANGS PRIDE","A Taut Character Study of a Woman And a A Shark who must Confront a Frisbee in Berlin",2006,2.99,PG-13,Mike,Hillyer,"47 MySakila Drive",Lethbridge,Alberta
1592,349,1,"GANGS PRIDE","A Taut Character Study of a Woman And a A Shark who must Confront a Frisbee in Berlin",2006,2.99,PG-13,Mike,Hillyer,"47 MySakila Drive",Lethbridge,Alberta
1596,350,1,"GARDEN ISLAND","A Unbelieveable Character Study of a Womanizer And a Madman who must Reach a Man in The Outback",2006,4.99,G,Mike,Hillyer,"47 MySakila Drive",Lethbridge,Alberta
1597,350,1,"GARDEN ISLAND","A Unbelieveable Character Study of a Womanizer And a Madman who must Reach a Man in The Outback",2006,4.99,G,Mike,Hillyer,"47 MySakila Drive",Lethbridge,Alberta
1598,350,1,"GARDEN ISLAND","A Unbelieveable Character Study of a Womanizer And a Madman who must Reach a Man in The Outback",2006,4.99,G,Mike,Hillyer,"47 MySakila Drive",Lethbridge,Alberta
1599,350,1,"GARDEN ISLAND","A Unbelieveable Character Study of a Womanizer And a Madman who must Reach a Man in The Outback",2006,4.99,G,Mike,Hillyer,"47 MySakila Drive",Lethbridge,Alberta
1604,351,1,"GASLIGHT CRUSADE","A Amazing Epistle of a Boy And a Astronaut who must Redeem a Man in The Gulf of Mexico",2006,2.99,PG,Mike,Hillyer,"47 MySakila Drive",Lethbridge,Alberta
1605,351,1,"GASLIGHT CRUSADE","A Amazing Epistle of a Boy And a Astronaut who must Redeem a Man in The Gulf of Mexico",2006,2.99,PG,Mike,Hillyer,"47 MySakila Drive",Lethbridge,Alberta
1606,351,1,"GASLIGHT CRUSADE","A Amazing Epistle of a Boy And a Astronaut who must Redeem a Man in The Gulf of Mexico",2006,2.99,PG,Mike,Hillyer,"47 MySakila Drive",Lethbridge,Alberta
1614,353,1,"GENTLEMEN STAGE","A Awe-Inspiring Reflection of a Monkey And a Student who must Overcome a Dentist in The First Manned Space Station",2006,2.99,NC-17,Mike,Hillyer,"47 MySakila Drive",Lethbridge,Alberta
1615,353,1,"GENTLEMEN STAGE","A Awe-Inspiring Reflection of a Monkey And a Student who must Overcome a Dentist in The First Manned Space Station",2006,2.99,NC-17,Mike,Hillyer,"47 MySakila Drive",Lethbridge,Alberta
1620,354,1,"GHOST GROUNDHOG","A Brilliant Panorama of a Madman And a Composer who must Succumb a Car in Ancient India",2006,4.99,G,Mike,Hillyer,"47 MySakila Drive",Lethbridge,Alberta
1621,354,1,"GHOST GROUNDHOG","A Brilliant Panorama of a Madman And a Composer who must Succumb a Car in Ancient India",2006,4.99,G,Mike,Hillyer,"47 MySakila Drive",Lethbridge,Alberta
1622,354,1,"GHOST GROUNDHOG","A Brilliant Panorama of a Madman And a Composer who must Succumb a Car in Ancient India",2006,4.99,G,Mike,Hillyer,"47 MySakila Drive",Lethbridge,Alberta
1627,356,1,"GIANT TROOPERS","A Fateful Display of a Feminist And a Monkey who must Vanquish a Monkey in The Canadian Rockies",2006,2.99,R,Mike,Hillyer,"47 MySakila Drive",Lethbridge,Alberta
1628,356,1,"GIANT TROOPERS","A Fateful Display of a Feminist And a Monkey who must Vanquish a Monkey in The Canadian Rockies",2006,2.99,R,Mike,Hillyer,"47 MySakila Drive",Lethbridge,Alberta
1629,356,1,"GIANT TROOPERS","A Fateful Display of a Feminist And a Monkey who must Vanquish a Monkey in The Canadian Rockies",2006,2.99,R,Mike,Hillyer,"47 MySakila Drive",Lethbridge,Alberta
1630,356,1,"GIANT TROOPERS","A Fateful Display of a Feminist And a Monkey who must Vanquish a Monkey in The Canadian Rockies",2006,2.99,R,Mike,Hillyer,"47 MySakila Drive",Lethbridge,Alberta
1639,358,1,"GILMORE BOILED","A Unbelieveable Documentary of a Boat And a Husband who must Succumb a Student in A U-Boat",2006,0.99,R,Mike,Hillyer,"47 MySakila Drive",Lethbridge,Alberta
1640,358,1,"GILMORE BOILED","A Unbelieveable Documentary of a Boat And a Husband who must Succumb a Student in A U-Boat",2006,0.99,R,Mike,Hillyer,"47 MySakila Drive",Lethbridge,Alberta
1641,358,1,"GILMORE BOILED","A Unbelieveable Documentary of a Boat And a Husband who must Succumb a Student in A U-Boat",2006,0.99,R,Mike,Hillyer,"47 MySakila Drive",Lethbridge,Alberta
1642,358,1,"GILMORE BOILED","A Unbelieveable Documentary of a Boat And a Husband who must Succumb a Student in A U-Boat",2006,0.99,R,Mike,Hillyer,"47 MySakila Drive",Lethbridge,Alberta
1647,360,1,"GLASS DYING","A Astounding Drama of a Frisbee And a Astronaut who must Fight a Dog in Ancient Japan",2006,0.99,G,Mike,Hillyer,"47 MySakila Drive",Lethbridge,Alberta
1648,360,1,"GLASS DYING","A Astounding Drama of a Frisbee And a Astronaut who must Fight a Dog in Ancient Japan",2006,0.99,G,Mike,Hillyer,"47 MySakila Drive",Lethbridge,Alberta
1649,360,1,"GLASS DYING","A Astounding Drama of a Frisbee And a Astronaut who must Fight a Dog in Ancient Japan",2006,0.99,G,Mike,Hillyer,"47 MySakila Drive",Lethbridge,Alberta
1650,360,1,"GLASS DYING","A Astounding Drama of a Frisbee And a Astronaut who must Fight a Dog in Ancient Japan",2006,0.99,G,Mike,Hillyer,"47 MySakila Drive",Lethbridge,Alberta
1651,361,1,"GLEAMING JAWBREAKER","A Amazing Display of a Composer And a Forensic Psychologist who must Discover a Car in The Canadian Rockies",2006,2.99,NC-17,Mike,Hillyer,"47 MySakila Drive",Lethbridge,Alberta
1652,361,1,"GLEAMING JAWBREAKER","A Amazing Display of a Composer And a Forensic Psychologist who must Discover a Car in The Canadian Rockies",2006,2.99,NC-17,Mike,Hillyer,"47 MySakila Drive",Lethbridge,Alberta
1653,361,1,"GLEAMING JAWBREAKER","A Amazing Display of a Composer And a Forensic Psychologist who must Discover a Car in The Canadian Rockies",2006,2.99,NC-17,Mike,Hillyer,"47 MySakila Drive",Lethbridge,Alberta
1654,361,1,"GLEAMING JAWBREAKER","A Amazing Display of a Composer And a Forensic Psychologist who must Discover a Car in The Canadian Rockies",2006,2.99,NC-17,Mike,Hillyer,"47 MySakila Drive",Lethbridge,Alberta
1659,362,1,"GLORY TRACY","A Amazing Saga of a Woman And a Womanizer who must Discover a Cat in The First Manned Space Station",2006,2.99,PG-13,Mike,Hillyer,"47 MySakila Drive",Lethbridge,Alberta
1660,362,1,"GLORY TRACY","A Amazing Saga of a Woman And a Womanizer who must Discover a Cat in The First Manned Space Station",2006,2.99,PG-13,Mike,Hillyer,"47 MySakila Drive",Lethbridge,Alberta
1661,363,1,"GO PURPLE","A Fast-Paced Display of a Car And a Database Administrator who must Battle a Woman in A Baloon",2006,0.99,R,Mike,Hillyer,"47 MySakila Drive",Lethbridge,Alberta
1662,363,1,"GO PURPLE","A Fast-Paced Display of a Car And a Database Administrator who must Battle a Woman in A Baloon",2006,0.99,R,Mike,Hillyer,"47 MySakila Drive",Lethbridge,Alberta
1663,363,1,"GO PURPLE","A Fast-Paced Display of a Car And a Database Administrator who must Battle a Woman in A Baloon",2006,0.99,R,Mike,Hillyer,"47 MySakila Drive",Lethbridge,Alberta
1667,364,1,"GODFATHER DIARY","A Stunning Saga of a Lumberjack And a Squirrel who must Chase a Car in The Outback",2006,2.99,NC-17,Mike,Hillyer,"47 MySakila Drive",Lethbridge,Alberta
1668,364,1,"GODFATHER DIARY","A Stunning Saga of a Lumberjack And a Squirrel who must Chase a Car in The Outback",2006,2.99,NC-17,Mike,Hillyer,"47 MySakila Drive",Lethbridge,Alberta
1669,364,1,"GODFATHER DIARY","A Stunning Saga of a Lumberjack And a Squirrel who must Chase a Car in The Outback",2006,2.99,NC-17,Mike,Hillyer,"47 MySakila Drive",Lethbridge,Alberta
1670,365,1,"GOLD RIVER","A Taut Documentary of a Database Administrator And a Waitress who must Reach a Mad Scientist in A Baloon Factory",2006,4.99,R,Mike,Hillyer,"47 MySakila Drive",Lethbridge,Alberta
1671,365,1,"GOLD RIVER","A Taut Documentary of a Database Administrator And a Waitress who must Reach a Mad Scientist in A Baloon Factory",2006,4.99,R,Mike,Hillyer,"47 MySakila Drive",Lethbridge,Alberta
1674,366,1,"GOLDFINGER SENSIBILITY","A Insightful Drama of a Mad Scientist And a Hunter who must Defeat a Pastry Chef in New Orleans",2006,0.99,G,Mike,Hillyer,"47 MySakila Drive",Lethbridge,Alberta
1675,366,1,"GOLDFINGER SENSIBILITY","A Insightful Drama of a Mad Scientist And a Hunter who must Defeat a Pastry Chef in New Orleans",2006,0.99,G,Mike,Hillyer,"47 MySakila Drive",Lethbridge,Alberta
1676,366,1,"GOLDFINGER SENSIBILITY","A Insightful Drama of a Mad Scientist And a Hunter who must Defeat a Pastry Chef in New Orleans",2006,0.99,G,Mike,Hillyer,"47 MySakila Drive",Lethbridge,Alberta
1677,366,1,"GOLDFINGER SENSIBILITY","A Insightful Drama of a Mad Scientist And a Hunter who must Defeat a Pastry Chef in New Orleans",2006,0.99,G,Mike,Hillyer,"47 MySakila Drive",Lethbridge,Alberta
1681,367,1,"GOLDMINE TYCOON","A Brilliant Epistle of a Composer And a Frisbee who must Conquer a Husband in The Outback",2006,0.99,R,Mike,Hillyer,"47 MySakila Drive",Lethbridge,Alberta
1682,367,1,"GOLDMINE TYCOON","A Brilliant Epistle of a Composer And a Frisbee who must Conquer a Husband in The Outback",2006,0.99,R,Mike,Hillyer,"47 MySakila Drive",Lethbridge,Alberta
1683,367,1,"GOLDMINE TYCOON","A Brilliant Epistle of a Composer And a Frisbee who must Conquer a Husband in The Outback",2006,0.99,R,Mike,Hillyer,"47 MySakila Drive",Lethbridge,Alberta
1684,367,1,"GOLDMINE TYCOON","A Brilliant Epistle of a Composer And a Frisbee who must Conquer a Husband in The Outback",2006,0.99,R,Mike,Hillyer,"47 MySakila Drive",Lethbridge,Alberta
1688,368,1,"GONE TROUBLE","A Insightful Character Study of a Mad Cow And a Forensic Psychologist who must Conquer a A Shark in A Manhattan Penthouse",2006,2.99,R,Mike,Hillyer,"47 MySakila Drive",Lethbridge,Alberta
1689,368,1,"GONE TROUBLE","A Insightful Character Study of a Mad Cow And a Forensic Psychologist who must Conquer a A Shark in A Manhattan Penthouse",2006,2.99,R,Mike,Hillyer,"47 MySakila Drive",Lethbridge,Alberta
1690,369,1,"GOODFELLAS SALUTE","A Unbelieveable Tale of a Dog And a Explorer who must Sink a Mad Cow in A Baloon Factory",2006,4.99,PG,Mike,Hillyer,"47 MySakila Drive",Lethbridge,Alberta
1691,369,1,"GOODFELLAS SALUTE","A Unbelieveable Tale of a Dog And a Explorer who must Sink a Mad Cow in A Baloon Factory",2006,4.99,PG,Mike,Hillyer,"47 MySakila Drive",Lethbridge,Alberta
1692,369,1,"GOODFELLAS SALUTE","A Unbelieveable Tale of a Dog And a Explorer who must Sink a Mad Cow in A Baloon Factory",2006,4.99,PG,Mike,Hillyer,"47 MySakila Drive",Lethbridge,Alberta
1693,369,1,"GOODFELLAS SALUTE","A Unbelieveable Tale of a Dog And a Explorer who must Sink a Mad Cow in A Baloon Factory",2006,4.99,PG,Mike,Hillyer,"47 MySakila Drive",Lethbridge,Alberta
1698,370,1,"GORGEOUS BINGO","A Action-Packed Display of a Sumo Wrestler And a Car who must Overcome a Waitress in A Baloon Factory",2006,2.99,R,Mike,Hillyer,"47 MySakila Drive",Lethbridge,Alberta
1699,370,1,"GORGEOUS BINGO","A Action-Packed Display of a Sumo Wrestler And a Car who must Overcome a Waitress in A Baloon Factory",2006,2.99,R,Mike,Hillyer,"47 MySakila Drive",Lethbridge,Alberta
1700,370,1,"GORGEOUS BINGO","A Action-Packed Display of a Sumo Wrestler And a Car who must Overcome a Waitress in A Baloon Factory",2006,2.99,R,Mike,Hillyer,"47 MySakila Drive",Lethbridge,Alberta
1703,371,1,"GOSFORD DONNIE","A Epic Panorama of a Mad Scientist And a Monkey who must Redeem a Secret Agent in Berlin",2006,4.99,G,Mike,Hillyer,"47 MySakila Drive",Lethbridge,Alberta
1704,371,1,"GOSFORD DONNIE","A Epic Panorama of a Mad Scientist And a Monkey who must Redeem a Secret Agent in Berlin",2006,4.99,G,Mike,Hillyer,"47 MySakila Drive",Lethbridge,Alberta
1705,371,1,"GOSFORD DONNIE","A Epic Panorama of a Mad Scientist And a Monkey who must Redeem a Secret Agent in Berlin",2006,4.99,G,Mike,Hillyer,"47 MySakila Drive",Lethbridge,Alberta
1706,372,1,"GRACELAND DYNAMITE","A Taut Display of a Cat And a Girl who must Overcome a Database Administrator in New Orleans",2006,4.99,R,Mike,Hillyer,"47 MySakila Drive",Lethbridge,Alberta
1707,372,1,"GRACELAND DYNAMITE","A Taut Display of a Cat And a Girl who must Overcome a Database Administrator in New Orleans",2006,4.99,R,Mike,Hillyer,"47 MySakila Drive",Lethbridge,Alberta
1708,373,1,"GRADUATE LORD","A Lacklusture Epistle of a Girl And a A Shark who must Meet a Mad Scientist in Ancient China",2006,2.99,G,Mike,Hillyer,"47 MySakila Drive",Lethbridge,Alberta
1709,373,1,"GRADUATE LORD","A Lacklusture Epistle of a Girl And a A Shark who must Meet a Mad Scientist in Ancient China",2006,2.99,G,Mike,Hillyer,"47 MySakila Drive",Lethbridge,Alberta
1710,373,1,"GRADUATE LORD","A Lacklusture Epistle of a Girl And a A Shark who must Meet a Mad Scientist in Ancient China",2006,2.99,G,Mike,Hillyer,"47 MySakila Drive",Lethbridge,Alberta
1713,374,1,"GRAFFITI LOVE","A Unbelieveable Epistle of a Sumo Wrestler And a Hunter who must Build a Composer in Berlin",2006,0.99,PG,Mike,Hillyer,"47 MySakila Drive",Lethbridge,Alberta
1714,374,1,"GRAFFITI LOVE","A Unbelieveable Epistle of a Sumo Wrestler And a Hunter who must Build a Composer in Berlin",2006,0.99,PG,Mike,Hillyer,"47 MySakila Drive",Lethbridge,Alberta
1715,374,1,"GRAFFITI LOVE","A Unbelieveable Epistle of a Sumo Wrestler And a Hunter who must Build a Composer in Berlin",2006,0.99,PG,Mike,Hillyer,"47 MySakila Drive",Lethbridge,Alberta
1720,375,1,"GRAIL FRANKENSTEIN","A Unbelieveable Saga of a Teacher And a Monkey who must Fight a Girl in An Abandoned Mine Shaft",2006,2.99,NC-17,Mike,Hillyer,"47 MySakila Drive",Lethbridge,Alberta
1721,375,1,"GRAIL FRANKENSTEIN","A Unbelieveable Saga of a Teacher And a Monkey who must Fight a Girl in An Abandoned Mine Shaft",2006,2.99,NC-17,Mike,Hillyer,"47 MySakila Drive",Lethbridge,Alberta
1722,376,1,"GRAPES FURY","A Boring Yarn of a Mad Cow And a Sumo Wrestler who must Meet a Robot in Australia",2006,0.99,G,Mike,Hillyer,"47 MySakila Drive",Lethbridge,Alberta
1723,376,1,"GRAPES FURY","A Boring Yarn of a Mad Cow And a Sumo Wrestler who must Meet a Robot in Australia",2006,0.99,G,Mike,Hillyer,"47 MySakila Drive",Lethbridge,Alberta
1724,376,1,"GRAPES FURY","A Boring Yarn of a Mad Cow And a Sumo Wrestler who must Meet a Robot in Australia",2006,0.99,G,Mike,Hillyer,"47 MySakila Drive",Lethbridge,Alberta
1725,376,1,"GRAPES FURY","A Boring Yarn of a Mad Cow And a Sumo Wrestler who must Meet a Robot in Australia",2006,0.99,G,Mike,Hillyer,"47 MySakila Drive",Lethbridge,Alberta
1729,377,1,"GREASE YOUTH","A Emotional Panorama of a Secret Agent And a Waitress who must Escape a Composer in Soviet Georgia",2006,0.99,G,Mike,Hillyer,"47 MySakila Drive",Lethbridge,Alberta
1730,377,1,"GREASE YOUTH","A Emotional Panorama of a Secret Agent And a Waitress who must Escape a Composer in Soviet Georgia",2006,0.99,G,Mike,Hillyer,"47 MySakila Drive",Lethbridge,Alberta
1731,377,1,"GREASE YOUTH","A Emotional Panorama of a Secret Agent And a Waitress who must Escape a Composer in Soviet Georgia",2006,0.99,G,Mike,Hillyer,"47 MySakila Drive",Lethbridge,Alberta
1735,378,1,"GREATEST NORTH","A Astounding Character Study of a Secret Agent And a Robot who must Build a A Shark in Berlin",2006,2.99,NC-17,Mike,Hillyer,"47 MySakila Drive",Lethbridge,Alberta
1736,378,1,"GREATEST NORTH","A Astounding Character Study of a Secret Agent And a Robot who must Build a A Shark in Berlin",2006,2.99,NC-17,Mike,Hillyer,"47 MySakila Drive",Lethbridge,Alberta
1737,378,1,"GREATEST NORTH","A Astounding Character Study of a Secret Agent And a Robot who must Build a A Shark in Berlin",2006,2.99,NC-17,Mike,Hillyer,"47 MySakila Drive",Lethbridge,Alberta
1738,378,1,"GREATEST NORTH","A Astounding Character Study of a Secret Agent And a Robot who must Build a A Shark in Berlin",2006,2.99,NC-17,Mike,Hillyer,"47 MySakila Drive",Lethbridge,Alberta
1747,380,1,"GREEK EVERYONE","A Stunning Display of a Butler And a Teacher who must Confront a A Shark in The First Manned Space Station",2006,2.99,PG,Mike,Hillyer,"47 MySakila Drive",Lethbridge,Alberta
1748,380,1,"GREEK EVERYONE","A Stunning Display of a Butler And a Teacher who must Confront a A Shark in The First Manned Space Station",2006,2.99,PG,Mike,Hillyer,"47 MySakila Drive",Lethbridge,Alberta
1752,381,1,"GRINCH MASSAGE","A Intrepid Display of a Madman And a Feminist who must Pursue a Pioneer in The First Manned Space Station",2006,4.99,R,Mike,Hillyer,"47 MySakila Drive",Lethbridge,Alberta
1753,381,1,"GRINCH MASSAGE","A Intrepid Display of a Madman And a Feminist who must Pursue a Pioneer in The First Manned Space Station",2006,4.99,R,Mike,Hillyer,"47 MySakila Drive",Lethbridge,Alberta
1757,382,1,"GRIT CLOCKWORK","A Thoughtful Display of a Dentist And a Squirrel who must Confront a Lumberjack in A Shark Tank",2006,0.99,PG,Mike,Hillyer,"47 MySakila Drive",Lethbridge,Alberta
1758,382,1,"GRIT CLOCKWORK","A Thoughtful Display of a Dentist And a Squirrel who must Confront a Lumberjack in A Shark Tank",2006,0.99,PG,Mike,Hillyer,"47 MySakila Drive",Lethbridge,Alberta
1759,382,1,"GRIT CLOCKWORK","A Thoughtful Display of a Dentist And a Squirrel who must Confront a Lumberjack in A Shark Tank",2006,0.99,PG,Mike,Hillyer,"47 MySakila Drive",Lethbridge,Alberta
1760,382,1,"GRIT CLOCKWORK","A Thoughtful Display of a Dentist And a Squirrel who must Confront a Lumberjack in A Shark Tank",2006,0.99,PG,Mike,Hillyer,"47 MySakila Drive",Lethbridge,Alberta
1765,383,1,"GROOVE FICTION","A Unbelieveable Reflection of a Moose And a A Shark who must Defeat a Lumberjack in An Abandoned Mine Shaft",2006,0.99,NC-17,Mike,Hillyer,"47 MySakila Drive",Lethbridge,Alberta
1766,383,1,"GROOVE FICTION","A Unbelieveable Reflection of a Moose And a A Shark who must Defeat a Lumberjack in An Abandoned Mine Shaft",2006,0.99,NC-17,Mike,Hillyer,"47 MySakila Drive",Lethbridge,Alberta
1767,383,1,"GROOVE FICTION","A Unbelieveable Reflection of a Moose And a A Shark who must Defeat a Lumberjack in An Abandoned Mine Shaft",2006,0.99,NC-17,Mike,Hillyer,"47 MySakila Drive",Lethbridge,Alberta
1773,385,1,"GROUNDHOG UNCUT","A Brilliant Panorama of a Astronaut And a Technical Writer who must Discover a Butler in A Manhattan Penthouse",2006,4.99,PG-13,Mike,Hillyer,"47 MySakila Drive",Lethbridge,Alberta
1774,385,1,"GROUNDHOG UNCUT","A Brilliant Panorama of a Astronaut And a Technical Writer who must Discover a Butler in A Manhattan Penthouse",2006,4.99,PG-13,Mike,Hillyer,"47 MySakila Drive",Lethbridge,Alberta
1778,387,1,"GUN BONNIE","A Boring Display of a Sumo Wrestler And a Husband who must Build a Waitress in The Gulf of Mexico",2006,0.99,G,Mike,Hillyer,"47 MySakila Drive",Lethbridge,Alberta
1779,387,1,"GUN BONNIE","A Boring Display of a Sumo Wrestler And a Husband who must Build a Waitress in The Gulf of Mexico",2006,0.99,G,Mike,Hillyer,"47 MySakila Drive",Lethbridge,Alberta
1780,387,1,"GUN BONNIE","A Boring Display of a Sumo Wrestler And a Husband who must Build a Waitress in The Gulf of Mexico",2006,0.99,G,Mike,Hillyer,"47 MySakila Drive",Lethbridge,Alberta
1784,388,1,"GUNFIGHT MOON","A Epic Reflection of a Pastry Chef And a Explorer who must Reach a Dentist in The Sahara Desert",2006,0.99,NC-17,Mike,Hillyer,"47 MySakila Drive",Lethbridge,Alberta
1785,388,1,"GUNFIGHT MOON","A Epic Reflection of a Pastry Chef And a Explorer who must Reach a Dentist in The Sahara Desert",2006,0.99,NC-17,Mike,Hillyer,"47 MySakila Drive",Lethbridge,Alberta
1786,388,1,"GUNFIGHT MOON","A Epic Reflection of a Pastry Chef And a Explorer who must Reach a Dentist in The Sahara Desert",2006,0.99,NC-17,Mike,Hillyer,"47 MySakila Drive",Lethbridge,Alberta
1790,389,1,"GUNFIGHTER MUSSOLINI","A Touching Saga of a Robot And a Boy who must Kill a Man in Ancient Japan",2006,2.99,PG-13,Mike,Hillyer,"47 MySakila Drive",Lethbridge,Alberta
1791,389,1,"GUNFIGHTER MUSSOLINI","A Touching Saga of a Robot And a Boy who must Kill a Man in Ancient Japan",2006,2.99,PG-13,Mike,Hillyer,"47 MySakila Drive",Lethbridge,Alberta
1794,390,1,"GUYS FALCON","A Boring Story of a Woman And a Feminist who must Redeem a Squirrel in A U-Boat",2006,4.99,R,Mike,Hillyer,"47 MySakila Drive",Lethbridge,Alberta
1795,390,1,"GUYS FALCON","A Boring Story of a Woman And a Feminist who must Redeem a Squirrel in A U-Boat",2006,4.99,R,Mike,Hillyer,"47 MySakila Drive",Lethbridge,Alberta
1796,390,1,"GUYS FALCON","A Boring Story of a Woman And a Feminist who must Redeem a Squirrel in A U-Boat",2006,4.99,R,Mike,Hillyer,"47 MySakila Drive",Lethbridge,Alberta
1797,391,1,"HALF OUTFIELD","A Epic Epistle of a Database Administrator And a Crocodile who must Face a Madman in A Jet Boat",2006,2.99,PG-13,Mike,Hillyer,"47 MySakila Drive",Lethbridge,Alberta
1798,391,1,"HALF OUTFIELD","A Epic Epistle of a Database Administrator And a Crocodile who must Face a Madman in A Jet Boat",2006,2.99,PG-13,Mike,Hillyer,"47 MySakila Drive",Lethbridge,Alberta
1799,391,1,"HALF OUTFIELD","A Epic Epistle of a Database Administrator And a Crocodile who must Face a Madman in A Jet Boat",2006,2.99,PG-13,Mike,Hillyer,"47 MySakila Drive",Lethbridge,Alberta
1800,391,1,"HALF OUTFIELD","A Epic Epistle of a Database Administrator And a Crocodile who must Face a Madman in A Jet Boat",2006,2.99,PG-13,Mike,Hillyer,"47 MySakila Drive",Lethbridge,Alberta
1804,392,1,"HALL CASSIDY","A Beautiful Panorama of a Pastry Chef And a A Shark who must Battle a Pioneer in Soviet Georgia",2006,4.99,NC-17,Mike,Hillyer,"47 MySakila Drive",Lethbridge,Alberta
1805,392,1,"HALL CASSIDY","A Beautiful Panorama of a Pastry Chef And a A Shark who must Battle a Pioneer in Soviet Georgia",2006,4.99,NC-17,Mike,Hillyer,"47 MySakila Drive",Lethbridge,Alberta
1806,392,1,"HALL CASSIDY","A Beautiful Panorama of a Pastry Chef And a A Shark who must Battle a Pioneer in Soviet Georgia",2006,4.99,NC-17,Mike,Hillyer,"47 MySakila Drive",Lethbridge,Alberta
1807,392,1,"HALL CASSIDY","A Beautiful Panorama of a Pastry Chef And a A Shark who must Battle a Pioneer in Soviet Georgia",2006,4.99,NC-17,Mike,Hillyer,"47 MySakila Drive",Lethbridge,Alberta
1810,393,1,"HALLOWEEN NUTS","A Amazing Panorama of a Forensic Psychologist And a Technical Writer who must Fight a Dentist in A U-Boat",2006,2.99,PG-13,Mike,Hillyer,"47 MySakila Drive",Lethbridge,Alberta
1811,393,1,"HALLOWEEN NUTS","A Amazing Panorama of a Forensic Psychologist And a Technical Writer who must Fight a Dentist in A U-Boat",2006,2.99,PG-13,Mike,Hillyer,"47 MySakila Drive",Lethbridge,Alberta
1812,394,1,"HAMLET WISDOM","A Touching Reflection of a Man And a Man who must Sink a Robot in The Outback",2006,2.99,R,Mike,Hillyer,"47 MySakila Drive",Lethbridge,Alberta
1813,394,1,"HAMLET WISDOM","A Touching Reflection of a Man And a Man who must Sink a Robot in The Outback",2006,2.99,R,Mike,Hillyer,"47 MySakila Drive",Lethbridge,Alberta
1814,394,1,"HAMLET WISDOM","A Touching Reflection of a Man And a Man who must Sink a Robot in The Outback",2006,2.99,R,Mike,Hillyer,"47 MySakila Drive",Lethbridge,Alberta
1815,394,1,"HAMLET WISDOM","A Touching Reflection of a Man And a Man who must Sink a Robot in The Outback",2006,2.99,R,Mike,Hillyer,"47 MySakila Drive",Lethbridge,Alberta
1816,395,1,"HANDICAP BOONDOCK","A Beautiful Display of a Pioneer And a Squirrel who must Vanquish a Sumo Wrestler in Soviet Georgia",2006,0.99,R,Mike,Hillyer,"47 MySakila Drive",Lethbridge,Alberta
1817,395,1,"HANDICAP BOONDOCK","A Beautiful Display of a Pioneer And a Squirrel who must Vanquish a Sumo Wrestler in Soviet Georgia",2006,0.99,R,Mike,Hillyer,"47 MySakila Drive",Lethbridge,Alberta
1818,395,1,"HANDICAP BOONDOCK","A Beautiful Display of a Pioneer And a Squirrel who must Vanquish a Sumo Wrestler in Soviet Georgia",2006,0.99,R,Mike,Hillyer,"47 MySakila Drive",Lethbridge,Alberta
1826,397,1,"HANKY OCTOBER","A Boring Epistle of a Database Administrator And a Explorer who must Pursue a Madman in Soviet Georgia",2006,2.99,NC-17,Mike,Hillyer,"47 MySakila Drive",Lethbridge,Alberta
1827,397,1,"HANKY OCTOBER","A Boring Epistle of a Database Administrator And a Explorer who must Pursue a Madman in Soviet Georgia",2006,2.99,NC-17,Mike,Hillyer,"47 MySakila Drive",Lethbridge,Alberta
1828,397,1,"HANKY OCTOBER","A Boring Epistle of a Database Administrator And a Explorer who must Pursue a Madman in Soviet Georgia",2006,2.99,NC-17,Mike,Hillyer,"47 MySakila Drive",Lethbridge,Alberta
1839,400,1,"HARDLY ROBBERS","A Emotional Character Study of a Hunter And a Car who must Kill a Woman in Berlin",2006,2.99,R,Mike,Hillyer,"47 MySakila Drive",Lethbridge,Alberta
1840,400,1,"HARDLY ROBBERS","A Emotional Character Study of a Hunter And a Car who must Kill a Woman in Berlin",2006,2.99,R,Mike,Hillyer,"47 MySakila Drive",Lethbridge,Alberta
1841,401,1,"HAROLD FRENCH","A Stunning Saga of a Sumo Wrestler And a Student who must Outrace a Moose in The Sahara Desert",2006,0.99,NC-17,Mike,Hillyer,"47 MySakila Drive",Lethbridge,Alberta
1842,401,1,"HAROLD FRENCH","A Stunning Saga of a Sumo Wrestler And a Student who must Outrace a Moose in The Sahara Desert",2006,0.99,NC-17,Mike,Hillyer,"47 MySakila Drive",Lethbridge,Alberta
1843,402,1,"HARPER DYING","A Awe-Inspiring Reflection of a Woman And a Cat who must Confront a Feminist in The Sahara Desert",2006,0.99,G,Mike,Hillyer,"47 MySakila Drive",Lethbridge,Alberta
1844,402,1,"HARPER DYING","A Awe-Inspiring Reflection of a Woman And a Cat who must Confront a Feminist in The Sahara Desert",2006,0.99,G,Mike,Hillyer,"47 MySakila Drive",Lethbridge,Alberta
1845,402,1,"HARPER DYING","A Awe-Inspiring Reflection of a Woman And a Cat who must Confront a Feminist in The Sahara Desert",2006,0.99,G,Mike,Hillyer,"47 MySakila Drive",Lethbridge,Alberta
1849,403,1,"HARRY IDAHO","A Taut Yarn of a Technical Writer And a Feminist who must Outrace a Dog in California",2006,4.99,PG-13,Mike,Hillyer,"47 MySakila Drive",Lethbridge,Alberta
1850,403,1,"HARRY IDAHO","A Taut Yarn of a Technical Writer And a Feminist who must Outrace a Dog in California",2006,4.99,PG-13,Mike,Hillyer,"47 MySakila Drive",Lethbridge,Alberta
1851,403,1,"HARRY IDAHO","A Taut Yarn of a Technical Writer And a Feminist who must Outrace a Dog in California",2006,4.99,PG-13,Mike,Hillyer,"47 MySakila Drive",Lethbridge,Alberta
1852,403,1,"HARRY IDAHO","A Taut Yarn of a Technical Writer And a Feminist who must Outrace a Dog in California",2006,4.99,PG-13,Mike,Hillyer,"47 MySakila Drive",Lethbridge,Alberta
1859,406,1,"HAUNTING PIANIST","A Fast-Paced Story of a Database Administrator And a Composer who must Defeat a Squirrel in An Abandoned Amusement Park",2006,0.99,R,Mike,Hillyer,"47 MySakila Drive",Lethbridge,Alberta
1860,406,1,"HAUNTING PIANIST","A Fast-Paced Story of a Database Administrator And a Composer who must Defeat a Squirrel in An Abandoned Amusement Park",2006,0.99,R,Mike,Hillyer,"47 MySakila Drive",Lethbridge,Alberta
1865,407,1,"HAWK CHILL","A Action-Packed Drama of a Mad Scientist And a Composer who must Outgun a Car in Australia",2006,0.99,PG-13,Mike,Hillyer,"47 MySakila Drive",Lethbridge,Alberta
1866,407,1,"HAWK CHILL","A Action-Packed Drama of a Mad Scientist And a Composer who must Outgun a Car in Australia",2006,0.99,PG-13,Mike,Hillyer,"47 MySakila Drive",Lethbridge,Alberta
1867,408,1,"HEAD STRANGER","A Thoughtful Saga of a Hunter And a Crocodile who must Confront a Dog in The Gulf of Mexico",2006,4.99,R,Mike,Hillyer,"47 MySakila Drive",Lethbridge,Alberta
1868,408,1,"HEAD STRANGER","A Thoughtful Saga of a Hunter And a Crocodile who must Confront a Dog in The Gulf of Mexico",2006,4.99,R,Mike,Hillyer,"47 MySakila Drive",Lethbridge,Alberta
1869,408,1,"HEAD STRANGER","A Thoughtful Saga of a Hunter And a Crocodile who must Confront a Dog in The Gulf of Mexico",2006,4.99,R,Mike,Hillyer,"47 MySakila Drive",Lethbridge,Alberta
1870,408,1,"HEAD STRANGER","A Thoughtful Saga of a Hunter And a Crocodile who must Confront a Dog in The Gulf of Mexico",2006,4.99,R,Mike,Hillyer,"47 MySakila Drive",Lethbridge,Alberta
1874,409,1,"HEARTBREAKERS BRIGHT","A Awe-Inspiring Documentary of a A Shark And a Dentist who must Outrace a Pastry Chef in The Canadian Rockies",2006,4.99,G,Mike,Hillyer,"47 MySakila Drive",Lethbridge,Alberta
1875,409,1,"HEARTBREAKERS BRIGHT","A Awe-Inspiring Documentary of a A Shark And a Dentist who must Outrace a Pastry Chef in The Canadian Rockies",2006,4.99,G,Mike,Hillyer,"47 MySakila Drive",Lethbridge,Alberta
1876,409,1,"HEARTBREAKERS BRIGHT","A Awe-Inspiring Documentary of a A Shark And a Dentist who must Outrace a Pastry Chef in The Canadian Rockies",2006,4.99,G,Mike,Hillyer,"47 MySakila Drive",Lethbridge,Alberta
1877,409,1,"HEARTBREAKERS BRIGHT","A Awe-Inspiring Documentary of a A Shark And a Dentist who must Outrace a Pastry Chef in The Canadian Rockies",2006,4.99,G,Mike,Hillyer,"47 MySakila Drive",Lethbridge,Alberta
1881,410,1,"HEAVEN FREEDOM","A Intrepid Story of a Butler And a Car who must Vanquish a Man in New Orleans",2006,2.99,PG,Mike,Hillyer,"47 MySakila Drive",Lethbridge,Alberta
1882,410,1,"HEAVEN FREEDOM","A Intrepid Story of a Butler And a Car who must Vanquish a Man in New Orleans",2006,2.99,PG,Mike,Hillyer,"47 MySakila Drive",Lethbridge,Alberta
1883,410,1,"HEAVEN FREEDOM","A Intrepid Story of a Butler And a Car who must Vanquish a Man in New Orleans",2006,2.99,PG,Mike,Hillyer,"47 MySakila Drive",Lethbridge,Alberta
1886,411,1,"HEAVENLY GUN","A Beautiful Yarn of a Forensic Psychologist And a Frisbee who must Battle a Moose in A Jet Boat",2006,4.99,NC-17,Mike,Hillyer,"47 MySakila Drive",Lethbridge,Alberta
1887,411,1,"HEAVENLY GUN","A Beautiful Yarn of a Forensic Psychologist And a Frisbee who must Battle a Moose in A Jet Boat",2006,4.99,NC-17,Mike,Hillyer,"47 MySakila Drive",Lethbridge,Alberta
1888,412,1,"HEAVYWEIGHTS BEAST","A Unbelieveable Story of a Composer And a Dog who must Overcome a Womanizer in An Abandoned Amusement Park",2006,4.99,G,Mike,Hillyer,"47 MySakila Drive",Lethbridge,Alberta
1889,412,1,"HEAVYWEIGHTS BEAST","A Unbelieveable Story of a Composer And a Dog who must Overcome a Womanizer in An Abandoned Amusement Park",2006,4.99,G,Mike,Hillyer,"47 MySakila Drive",Lethbridge,Alberta
1890,412,1,"HEAVYWEIGHTS BEAST","A Unbelieveable Story of a Composer And a Dog who must Overcome a Womanizer in An Abandoned Amusement Park",2006,4.99,G,Mike,Hillyer,"47 MySakila Drive",Lethbridge,Alberta
1891,412,1,"HEAVYWEIGHTS BEAST","A Unbelieveable Story of a Composer And a Dog who must Overcome a Womanizer in An Abandoned Amusement Park",2006,4.99,G,Mike,Hillyer,"47 MySakila Drive",Lethbridge,Alberta
1896,413,1,"HEDWIG ALTER","A Action-Packed Yarn of a Womanizer And a Lumberjack who must Chase a Sumo Wrestler in A Monastery",2006,2.99,NC-17,Mike,Hillyer,"47 MySakila Drive",Lethbridge,Alberta
1897,413,1,"HEDWIG ALTER","A Action-Packed Yarn of a Womanizer And a Lumberjack who must Chase a Sumo Wrestler in A Monastery",2006,2.99,NC-17,Mike,Hillyer,"47 MySakila Drive",Lethbridge,Alberta
1898,413,1,"HEDWIG ALTER","A Action-Packed Yarn of a Womanizer And a Lumberjack who must Chase a Sumo Wrestler in A Monastery",2006,2.99,NC-17,Mike,Hillyer,"47 MySakila Drive",Lethbridge,Alberta
1899,414,1,"HELLFIGHTERS SIERRA","A Taut Reflection of a A Shark And a Dentist who must Battle a Boat in Soviet Georgia",2006,2.99,PG,Mike,Hillyer,"47 MySakila Drive",Lethbridge,Alberta
1900,414,1,"HELLFIGHTERS SIERRA","A Taut Reflection of a A Shark And a Dentist who must Battle a Boat in Soviet Georgia",2006,2.99,PG,Mike,Hillyer,"47 MySakila Drive",Lethbridge,Alberta
1901,414,1,"HELLFIGHTERS SIERRA","A Taut Reflection of a A Shark And a Dentist who must Battle a Boat in Soviet Georgia",2006,2.99,PG,Mike,Hillyer,"47 MySakila Drive",Lethbridge,Alberta
1905,415,1,"HIGH ENCINO","A Fateful Saga of a Waitress And a Hunter who must Outrace a Sumo Wrestler in Australia",2006,2.99,R,Mike,Hillyer,"47 MySakila Drive",Lethbridge,Alberta
1906,415,1,"HIGH ENCINO","A Fateful Saga of a Waitress And a Hunter who must Outrace a Sumo Wrestler in Australia",2006,2.99,R,Mike,Hillyer,"47 MySakila Drive",Lethbridge,Alberta
1907,415,1,"HIGH ENCINO","A Fateful Saga of a Waitress And a Hunter who must Outrace a Sumo Wrestler in Australia",2006,2.99,R,Mike,Hillyer,"47 MySakila Drive",Lethbridge,Alberta
1911,416,1,"HIGHBALL POTTER","A Action-Packed Saga of a Husband And a Dog who must Redeem a Database Administrator in The Sahara Desert",2006,0.99,R,Mike,Hillyer,"47 MySakila Drive",Lethbridge,Alberta
1912,416,1,"HIGHBALL POTTER","A Action-Packed Saga of a Husband And a Dog who must Redeem a Database Administrator in The Sahara Desert",2006,0.99,R,Mike,Hillyer,"47 MySakila Drive",Lethbridge,Alberta
1917,417,1,"HILLS NEIGHBORS","A Epic Display of a Hunter And a Feminist who must Sink a Car in A U-Boat",2006,0.99,G,Mike,Hillyer,"47 MySakila Drive",Lethbridge,Alberta
1918,417,1,"HILLS NEIGHBORS","A Epic Display of a Hunter And a Feminist who must Sink a Car in A U-Boat",2006,0.99,G,Mike,Hillyer,"47 MySakila Drive",Lethbridge,Alberta
1919,417,1,"HILLS NEIGHBORS","A Epic Display of a Hunter And a Feminist who must Sink a Car in A U-Boat",2006,0.99,G,Mike,Hillyer,"47 MySakila Drive",Lethbridge,Alberta
1920,417,1,"HILLS NEIGHBORS","A Epic Display of a Hunter And a Feminist who must Sink a Car in A U-Boat",2006,0.99,G,Mike,Hillyer,"47 MySakila Drive",Lethbridge,Alberta
1923,418,1,"HOBBIT ALIEN","A Emotional Drama of a Husband And a Girl who must Outgun a Composer in The First Manned Space Station",2006,0.99,PG-13,Mike,Hillyer,"47 MySakila Drive",Lethbridge,Alberta
1924,418,1,"HOBBIT ALIEN","A Emotional Drama of a Husband And a Girl who must Outgun a Composer in The First Manned Space Station",2006,0.99,PG-13,Mike,Hillyer,"47 MySakila Drive",Lethbridge,Alberta
1925,418,1,"HOBBIT ALIEN","A Emotional Drama of a Husband And a Girl who must Outgun a Composer in The First Manned Space Station",2006,0.99,PG-13,Mike,Hillyer,"47 MySakila Drive",Lethbridge,Alberta
1926,418,1,"HOBBIT ALIEN","A Emotional Drama of a Husband And a Girl who must Outgun a Composer in The First Manned Space Station",2006,0.99,PG-13,Mike,Hillyer,"47 MySakila Drive",Lethbridge,Alberta
1931,420,1,"HOLES BRANNIGAN","A Fast-Paced Reflection of a Technical Writer And a Student who must Fight a Boy in The Canadian Rockies",2006,4.99,PG,Mike,Hillyer,"47 MySakila Drive",Lethbridge,Alberta
1932,420,1,"HOLES BRANNIGAN","A Fast-Paced Reflection of a Technical Writer And a Student who must Fight a Boy in The Canadian Rockies",2006,4.99,PG,Mike,Hillyer,"47 MySakila Drive",Lethbridge,Alberta
1942,423,1,"HOLLYWOOD ANONYMOUS","A Fast-Paced Epistle of a Boy And a Explorer who must Escape a Dog in A U-Boat",2006,0.99,PG,Mike,Hillyer,"47 MySakila Drive",Lethbridge,Alberta
1943,423,1,"HOLLYWOOD ANONYMOUS","A Fast-Paced Epistle of a Boy And a Explorer who must Escape a Dog in A U-Boat",2006,0.99,PG,Mike,Hillyer,"47 MySakila Drive",Lethbridge,Alberta
1946,424,1,"HOLOCAUST HIGHBALL","A Awe-Inspiring Yarn of a Composer And a Man who must Find a Robot in Soviet Georgia",2006,0.99,R,Mike,Hillyer,"47 MySakila Drive",Lethbridge,Alberta
1947,424,1,"HOLOCAUST HIGHBALL","A Awe-Inspiring Yarn of a Composer And a Man who must Find a Robot in Soviet Georgia",2006,0.99,R,Mike,Hillyer,"47 MySakila Drive",Lethbridge,Alberta
1948,424,1,"HOLOCAUST HIGHBALL","A Awe-Inspiring Yarn of a Composer And a Man who must Find a Robot in Soviet Georgia",2006,0.99,R,Mike,Hillyer,"47 MySakila Drive",Lethbridge,Alberta
1956,427,1,"HOMEWARD CIDER","A Taut Reflection of a Astronaut And a Squirrel who must Fight a Squirrel in A Manhattan Penthouse",2006,0.99,R,Mike,Hillyer,"47 MySakila Drive",Lethbridge,Alberta
1957,427,1,"HOMEWARD CIDER","A Taut Reflection of a Astronaut And a Squirrel who must Fight a Squirrel in A Manhattan Penthouse",2006,0.99,R,Mike,Hillyer,"47 MySakila Drive",Lethbridge,Alberta
1958,427,1,"HOMEWARD CIDER","A Taut Reflection of a Astronaut And a Squirrel who must Fight a Squirrel in A Manhattan Penthouse",2006,0.99,R,Mike,Hillyer,"47 MySakila Drive",Lethbridge,Alberta
1959,427,1,"HOMEWARD CIDER","A Taut Reflection of a Astronaut And a Squirrel who must Fight a Squirrel in A Manhattan Penthouse",2006,0.99,R,Mike,Hillyer,"47 MySakila Drive",Lethbridge,Alberta
1960,428,1,"HOMICIDE PEACH","A Astounding Documentary of a Hunter And a Boy who must Confront a Boy in A MySQL Convention",2006,2.99,PG-13,Mike,Hillyer,"47 MySakila Drive",Lethbridge,Alberta
1961,428,1,"HOMICIDE PEACH","A Astounding Documentary of a Hunter And a Boy who must Confront a Boy in A MySQL Convention",2006,2.99,PG-13,Mike,Hillyer,"47 MySakila Drive",Lethbridge,Alberta
1962,428,1,"HOMICIDE PEACH","A Astounding Documentary of a Hunter And a Boy who must Confront a Boy in A MySQL Convention",2006,2.99,PG-13,Mike,Hillyer,"47 MySakila Drive",Lethbridge,Alberta
1963,428,1,"HOMICIDE PEACH","A Astounding Documentary of a Hunter And a Boy who must Confront a Boy in A MySQL Convention",2006,2.99,PG-13,Mike,Hillyer,"47 MySakila Drive",Lethbridge,Alberta
1966,429,1,"HONEY TIES","A Taut Story of a Waitress And a Crocodile who must Outrace a Lumberjack in A Shark Tank",2006,0.99,R,Mike,Hillyer,"47 MySakila Drive",Lethbridge,Alberta
1967,429,1,"HONEY TIES","A Taut Story of a Waitress And a Crocodile who must Outrace a Lumberjack in A Shark Tank",2006,0.99,R,Mike,Hillyer,"47 MySakila Drive",Lethbridge,Alberta
1979,432,1,"HOPE TOOTSIE","A Amazing Documentary of a Student And a Sumo Wrestler who must Outgun a A Shark in A Shark Tank",2006,2.99,NC-17,Mike,Hillyer,"47 MySakila Drive",Lethbridge,Alberta
1980,432,1,"HOPE TOOTSIE","A Amazing Documentary of a Student And a Sumo Wrestler who must Outgun a A Shark in A Shark Tank",2006,2.99,NC-17,Mike,Hillyer,"47 MySakila Drive",Lethbridge,Alberta
1981,432,1,"HOPE TOOTSIE","A Amazing Documentary of a Student And a Sumo Wrestler who must Outgun a A Shark in A Shark Tank",2006,2.99,NC-17,Mike,Hillyer,"47 MySakila Drive",Lethbridge,Alberta
1984,433,1,"HORN WORKING","A Stunning Display of a Mad Scientist And a Technical Writer who must Succumb a Monkey in A Shark Tank",2006,2.99,PG,Mike,Hillyer,"47 MySakila Drive",Lethbridge,Alberta
